seed,split,sample_idx,controller_step_expected,chosen_step,oracle_step,required_hops,oracle_depth
1,val,0,3.0005836486816406,3.0,3.0,5,4
1,val,1,2.999804735183716,3.0,3.0,7,6
1,val,2,3.0005455017089844,3.0,3.0,8,2
1,val,3,2.999951124191284,3.0,3.0,7,6
1,val,4,2.999823808670044,3.0,3.0,7,6
1,val,5,2.9997286796569824,3.0,3.0,5,4
1,val,6,4.065491199493408,4.0,5.0,9,8
1,val,7,3.016968250274658,3.0,3.0,7,6
1,val,8,4.031289577484131,4.0,5.0,9,2
1,val,9,2.9998154640197754,3.0,3.0,7,6
1,val,10,4.007504940032959,4.0,6.0,9,2
1,val,11,4.013213157653809,4.0,2.0,9,8
1,val,12,2.9999585151672363,3.0,3.0,5,4
1,val,13,2.9999990463256836,3.0,3.0,7,2
1,val,14,2.999868631362915,3.0,3.0,7,2
1,val,15,4.0170745849609375,4.0,16.0,9,8
1,val,16,2.9998817443847656,3.0,3.0,5,4
1,val,17,2.99999737739563,3.0,3.0,5,4
1,val,18,2.999814987182617,3.0,3.0,6,2
1,val,19,3.0000698566436768,3.0,3.0,7,6
1,val,20,3.0016984939575195,3.0,3.0,5,4
1,val,21,3.000018358230591,3.0,3.0,7,6
1,val,22,2.999816656112671,3.0,3.0,7,6
1,val,23,2.999946355819702,3.0,3.0,7,6
1,val,24,4.042135715484619,4.0,6.0,9,2
1,val,25,2.9998347759246826,3.0,3.0,7,6
1,val,26,2.999821662902832,3.0,3.0,8,2
1,val,27,2.9998364448547363,3.0,3.0,7,6
1,val,28,2.999851942062378,3.0,3.0,7,6
1,val,29,4.09713077545166,4.0,2.0,9,8
1,val,30,2.9999780654907227,3.0,3.0,7,6
1,val,31,2.9998154640197754,3.0,3.0,8,2
1,val,32,2.999803066253662,3.0,3.0,7,2
1,val,33,2.9997739791870117,3.0,3.0,5,4
1,val,34,4.570637226104736,5.0,2.0,9,8
1,val,35,3.9924440383911133,4.0,2.0,9,8
1,val,36,3.000042200088501,3.0,3.0,7,6
1,val,37,4.683475971221924,5.0,6.0,9,8
1,val,38,2.9997951984405518,3.0,3.0,7,6
1,val,39,2.9999196529388428,3.0,3.0,5,4
1,val,40,2.999898672103882,3.0,3.0,7,6
1,val,41,2.99969482421875,3.0,3.0,5,4
1,val,42,2.9998514652252197,3.0,3.0,5,4
1,val,43,4.4084601402282715,4.0,4.0,9,8
1,val,44,4.109140872955322,4.0,2.0,9,8
1,val,45,3.0004796981811523,3.0,3.0,7,2
1,val,46,2.9998271465301514,3.0,3.0,5,4
1,val,47,4.3486857414245605,4.0,2.0,9,8
1,val,48,3.001537561416626,3.0,3.0,7,6
1,val,49,4.013621807098389,4.0,5.0,9,8
1,val,50,4.240865707397461,4.0,2.0,9,8
1,val,51,2.9998559951782227,3.0,3.0,5,4
1,val,52,3.960972547531128,4.0,2.0,9,8
1,val,53,3.0047216415405273,3.0,3.0,7,6
1,val,54,4.333965301513672,4.0,2.0,9,8
1,val,55,2.9999148845672607,3.0,3.0,5,4
1,val,56,3.000947952270508,3.0,3.0,5,4
1,val,57,2.999793529510498,3.0,3.0,7,6
1,val,58,2.9998598098754883,3.0,3.0,7,6
1,val,59,2.9998393058776855,3.0,3.0,6,2
1,val,60,3.0006356239318848,3.0,3.0,5,4
1,val,61,4.380115985870361,4.0,12.0,9,8
1,val,62,4.014386177062988,4.0,6.0,9,2
1,val,63,4.419427871704102,4.0,9.0,9,8
1,val,64,2.9998977184295654,3.0,3.0,7,6
1,val,65,4.174410343170166,4.0,2.0,9,8
1,val,66,4.54062032699585,5.0,4.0,9,8
1,val,67,4.024623394012451,4.0,5.0,9,8
1,val,68,2.9999618530273438,3.0,3.0,5,4
1,val,69,4.130172252655029,4.0,4.0,9,8
1,val,70,2.9998931884765625,3.0,3.0,7,6
1,val,71,4.001859664916992,4.0,11.0,9,8
1,val,72,3.0015780925750732,3.0,3.0,5,4
1,val,73,3.0001604557037354,3.0,3.0,8,2
1,val,74,2.999849319458008,3.0,3.0,5,4
1,val,75,2.9999489784240723,3.0,3.0,6,2
1,val,76,2.9998726844787598,3.0,3.0,7,6
1,val,77,2.999852180480957,3.0,3.0,6,2
1,val,78,2.9999258518218994,3.0,3.0,6,2
1,val,79,4.117036819458008,4.0,9.0,9,8
1,val,80,3.0000839233398438,3.0,3.0,5,4
1,val,81,4.293229579925537,4.0,5.0,9,8
1,val,82,3.9917924404144287,4.0,5.0,9,8
1,val,83,3.002802610397339,3.0,3.0,5,4
1,val,84,2.9999821186065674,3.0,3.0,5,4
1,val,85,4.200001239776611,4.0,9.0,9,8
1,val,86,4.285186290740967,4.0,6.0,9,8
1,val,87,2.9998884201049805,3.0,3.0,7,6
1,val,88,3.4548139572143555,3.0,13.0,9,8
1,val,89,2.999876022338867,3.0,3.0,5,4
1,val,90,4.284064769744873,4.0,2.0,9,8
1,val,91,2.9997470378875732,3.0,3.0,5,4
1,val,92,3.0000264644622803,3.0,3.0,7,6
1,val,93,3.0001330375671387,3.0,3.0,7,6
1,val,94,4.005499362945557,4.0,3.0,9,2
1,val,95,3.000075340270996,3.0,3.0,5,4
1,val,96,2.9998598098754883,3.0,3.0,5,4
1,val,97,3.7381582260131836,4.0,2.0,9,8
1,val,98,3.000030994415283,3.0,3.0,7,6
1,val,99,4.38031530380249,4.0,6.0,9,8
1,val,100,3.0000216960906982,3.0,3.0,7,6
1,val,101,2.9998390674591064,3.0,3.0,7,6
1,val,102,2.9997966289520264,3.0,3.0,7,6
1,val,103,2.999823570251465,3.0,3.0,5,2
1,val,104,2.9997920989990234,3.0,3.0,5,4
1,val,105,2.999861240386963,3.0,3.0,5,4
1,val,106,4.428341865539551,4.0,2.0,9,2
1,val,107,4.11672306060791,4.0,2.0,9,2
1,val,108,4.131140232086182,4.0,2.0,9,8
1,val,109,3.0001370906829834,3.0,3.0,7,6
1,val,110,4.267122745513916,4.0,10.0,9,8
1,val,111,2.999965190887451,3.0,3.0,5,4
1,val,112,2.9998373985290527,3.0,3.0,7,6
1,val,113,4.133134841918945,4.0,6.0,9,2
1,val,114,2.9998764991760254,3.0,3.0,5,4
1,val,115,3.0000858306884766,3.0,3.0,7,6
1,val,116,3.0009872913360596,3.0,3.0,7,6
1,val,117,4.027400016784668,4.0,2.0,9,8
1,val,118,4.0972089767456055,4.0,6.0,9,8
1,val,119,3.000171661376953,3.0,3.0,7,6
1,val,120,4.168354034423828,4.0,16.0,9,8
1,val,121,4.065743446350098,4.0,5.0,9,8
1,val,122,4.0128326416015625,4.0,14.0,9,8
1,val,123,4.169935703277588,4.0,2.0,9,8
1,val,124,3.004546642303467,3.0,3.0,5,4
1,val,125,3.0004677772521973,3.0,3.0,5,2
1,val,126,4.282338619232178,4.0,7.0,9,8
1,val,127,2.9998297691345215,3.0,3.0,5,4
1,val,128,4.242967128753662,4.0,6.0,9,8
1,val,129,3.0005102157592773,3.0,3.0,7,6
1,val,130,2.999842405319214,3.0,3.0,8,2
1,val,131,2.9999072551727295,3.0,3.0,5,4
1,val,132,3.9985363483428955,4.0,6.0,9,8
1,val,133,4.014394760131836,4.0,2.0,9,8
1,val,134,4.1731696128845215,4.0,3.0,9,8
1,val,135,4.050915241241455,4.0,5.0,9,2
1,val,136,2.9998934268951416,3.0,3.0,6,2
1,val,137,4.169740676879883,4.0,6.0,9,8
1,val,138,2.9999759197235107,3.0,3.0,5,4
1,val,139,4.019680976867676,4.0,6.0,9,8
1,val,140,4.181203365325928,4.0,2.0,9,8
1,val,141,2.999793529510498,3.0,3.0,8,2
1,val,142,3.0001251697540283,3.0,3.0,6,2
1,val,143,2.9999656677246094,3.0,3.0,5,2
1,val,144,4.298336505889893,4.0,5.0,9,8
1,val,145,3.7687928676605225,4.0,2.0,9,8
1,val,146,4.457394123077393,4.0,2.0,9,8
1,val,147,3.0055036544799805,3.0,3.0,7,6
1,val,148,4.004536151885986,4.0,2.0,9,8
1,val,149,3.0000364780426025,3.0,3.0,7,6
1,val,150,4.207334518432617,4.0,3.0,9,8
1,val,151,2.999866485595703,3.0,3.0,7,6
1,val,152,2.999889850616455,3.0,3.0,8,2
1,val,153,3.001892328262329,3.0,3.0,7,6
1,val,154,4.595507621765137,5.0,2.0,9,8
1,val,155,4.014604091644287,4.0,13.0,9,8
1,val,156,4.0273871421813965,4.0,2.0,9,8
1,val,157,4.360701560974121,4.0,2.0,9,8
1,val,158,3.001720905303955,3.0,3.0,7,6
1,val,159,2.9998779296875,3.0,3.0,7,6
1,val,160,2.9998791217803955,3.0,3.0,7,6
1,val,161,2.9998390674591064,3.0,3.0,7,6
1,val,162,2.9998419284820557,3.0,3.0,7,6
1,val,163,2.9998888969421387,3.0,3.0,5,4
1,val,164,3.000384569168091,3.0,3.0,7,2
1,val,165,2.999904155731201,3.0,3.0,5,4
1,val,166,3.0023703575134277,3.0,3.0,5,4
1,val,167,2.99983811378479,3.0,3.0,7,2
1,val,168,3.977145195007324,4.0,8.0,9,8
1,val,169,4.354073524475098,4.0,9.0,9,2
1,val,170,3.000422716140747,3.0,3.0,7,6
1,val,171,3.002197742462158,3.0,3.0,5,4
1,val,172,4.026695251464844,4.0,5.0,9,2
1,val,173,4.00098991394043,4.0,5.0,9,2
1,val,174,2.9998741149902344,3.0,3.0,5,4
1,val,175,3.0003199577331543,3.0,3.0,5,4
1,val,176,2.9998724460601807,3.0,3.0,5,4
1,val,177,2.999830722808838,3.0,3.0,7,6
1,val,178,2.99981689453125,3.0,3.0,7,6
1,val,179,3.0001111030578613,3.0,3.0,7,6
1,val,180,4.218433856964111,4.0,6.0,9,8
1,val,181,4.344453811645508,4.0,2.0,9,8
1,val,182,4.8270978927612305,5.0,3.0,9,8
1,val,183,3.005274772644043,3.0,3.0,7,6
1,val,184,3.0002598762512207,3.0,3.0,5,4
1,val,185,2.9998042583465576,3.0,3.0,5,4
1,val,186,3.00063419342041,3.0,3.0,5,4
1,val,187,3.000462293624878,3.0,3.0,5,4
1,val,188,2.9997737407684326,3.0,3.0,7,2
1,val,189,4.435790061950684,4.0,11.0,9,8
1,val,190,3.000314235687256,3.0,3.0,7,6
1,val,191,4.141430854797363,4.0,4.0,9,8
1,val,192,2.9998228549957275,3.0,3.0,5,4
1,val,193,4.261866569519043,4.0,6.0,9,2
1,val,194,4.018344402313232,4.0,2.0,9,8
1,val,195,4.060241222381592,4.0,6.0,9,2
1,val,196,4.075698375701904,4.0,5.0,9,2
1,val,197,4.297702312469482,4.0,2.0,9,8
1,val,198,4.174782752990723,4.0,2.0,9,8
1,val,199,2.9998583793640137,3.0,3.0,5,4
1,val,200,3.0008904933929443,3.0,3.0,7,6
1,val,201,2.9998300075531006,3.0,3.0,7,6
1,val,202,4.210745334625244,4.0,15.0,9,8
1,val,203,4.3418354988098145,4.0,11.0,9,8
1,val,204,2.999835252761841,3.0,3.0,7,6
1,val,205,2.9998104572296143,3.0,3.0,5,4
1,val,206,2.9998528957366943,3.0,3.0,5,4
1,val,207,3.0000951290130615,3.0,3.0,5,4
1,val,208,2.999945640563965,3.0,3.0,7,6
1,val,209,2.9997644424438477,3.0,3.0,7,6
1,val,210,4.321798801422119,4.0,2.0,9,8
1,val,211,4.326691627502441,4.0,5.0,9,8
1,val,212,2.9998257160186768,3.0,3.0,7,6
1,val,213,2.9999935626983643,3.0,3.0,7,6
1,val,214,3.9972941875457764,4.0,6.0,9,8
1,val,215,2.9998679161071777,3.0,3.0,5,4
1,val,216,2.999943733215332,3.0,3.0,7,6
1,val,217,2.9998793601989746,3.0,3.0,7,6
1,val,218,2.9998691082000732,3.0,3.0,5,4
1,val,219,4.075613975524902,4.0,5.0,9,8
1,val,220,3.0000598430633545,3.0,3.0,7,6
1,val,221,2.9998505115509033,3.0,3.0,5,4
1,val,222,4.610604286193848,5.0,2.0,9,8
1,val,223,4.280387878417969,4.0,6.0,9,8
1,val,224,4.36917781829834,4.0,2.0,9,8
1,val,225,2.9998292922973633,3.0,3.0,6,2
1,val,226,4.008015155792236,4.0,15.0,9,8
1,val,227,3.000319480895996,3.0,3.0,7,6
1,val,228,2.9997239112854004,3.0,3.0,7,6
1,val,229,4.20792818069458,4.0,5.0,9,8
1,val,230,3.0000064373016357,3.0,3.0,5,4
1,val,231,3.0001256465911865,3.0,3.0,5,4
1,val,232,4.006802558898926,4.0,3.0,9,8
1,val,233,4.238271236419678,4.0,6.0,9,8
1,val,234,2.9998631477355957,3.0,3.0,5,4
1,val,235,2.9998748302459717,3.0,3.0,7,6
1,val,236,2.999913215637207,3.0,3.0,5,4
1,val,237,2.999833822250366,3.0,3.0,5,4
1,val,238,4.281674861907959,4.0,6.0,9,8
1,val,239,2.999868392944336,3.0,3.0,7,6
1,val,240,2.999922513961792,3.0,3.0,7,6
1,val,241,3.00022029876709,3.0,3.0,8,2
1,val,242,2.9997925758361816,3.0,3.0,5,4
1,val,243,4.089412212371826,4.0,2.0,9,8
1,val,244,4.133749008178711,4.0,5.0,9,2
1,val,245,3.000056028366089,3.0,3.0,7,2
1,val,246,4.549145221710205,5.0,4.0,9,2
1,val,247,2.9997668266296387,3.0,3.0,7,6
1,val,248,4.23767614364624,4.0,5.0,9,8
1,val,249,4.039795875549316,4.0,14.0,9,8
1,val,250,4.2018938064575195,4.0,4.0,9,8
1,val,251,4.022697925567627,4.0,2.0,9,8
1,val,252,2.9999756813049316,3.0,3.0,5,4
1,val,253,3.9760549068450928,4.0,3.0,9,2
1,val,254,4.024262428283691,4.0,14.0,9,8
1,val,255,2.9999117851257324,3.0,3.0,5,4
1,val,256,2.9999237060546875,3.0,3.0,7,6
1,val,257,3.0000321865081787,3.0,3.0,8,2
1,val,258,2.9998576641082764,3.0,3.0,7,6
1,val,259,3.7806484699249268,4.0,2.0,9,8
1,val,260,4.090631008148193,4.0,6.0,9,8
1,val,261,3.0000851154327393,3.0,3.0,6,2
1,val,262,3.0029332637786865,3.0,3.0,7,6
1,val,263,4.423953533172607,4.0,5.0,9,8
1,val,264,2.999911069869995,3.0,3.0,5,4
1,val,265,2.999880075454712,3.0,3.0,5,4
1,val,266,4.421325206756592,4.0,2.0,9,8
1,val,267,4.264842987060547,4.0,6.0,9,2
1,val,268,3.000501871109009,3.0,3.0,7,6
1,val,269,2.999995231628418,3.0,3.0,5,4
1,val,270,3.0028653144836426,3.0,3.0,7,6
1,val,271,3.0000159740448,3.0,3.0,7,2
1,val,272,2.999856948852539,3.0,3.0,7,6
1,val,273,4.5499348640441895,5.0,4.0,9,8
1,val,274,4.008033752441406,4.0,13.0,9,8
1,val,275,2.999764919281006,3.0,3.0,7,6
1,val,276,2.9999423027038574,3.0,3.0,5,4
1,val,277,4.367806911468506,4.0,6.0,9,2
1,val,278,2.9998867511749268,3.0,3.0,7,6
1,val,279,2.9997215270996094,3.0,3.0,5,4
1,val,280,4.14968204498291,4.0,2.0,9,8
1,val,281,4.470934867858887,4.0,5.0,9,2
1,val,282,2.9999382495880127,3.0,3.0,5,4
1,val,283,2.9998483657836914,3.0,3.0,5,4
1,val,284,3.0005435943603516,3.0,3.0,7,6
1,val,285,2.9997751712799072,3.0,3.0,6,2
1,val,286,4.288361072540283,4.0,6.0,9,8
1,val,287,2.999969005584717,3.0,3.0,5,4
1,val,288,2.999777317047119,3.0,3.0,5,4
1,val,289,4.351089000701904,4.0,4.0,9,8
1,val,290,4.1389241218566895,4.0,5.0,9,2
1,val,291,4.069993019104004,4.0,2.0,9,8
1,val,292,4.239517688751221,4.0,2.0,9,2
1,val,293,4.017484188079834,4.0,2.0,9,8
1,val,294,3.0038318634033203,3.0,3.0,7,6
1,val,295,3.3200063705444336,3.0,3.0,8,2
1,val,296,4.471530914306641,4.0,5.0,9,2
1,val,297,2.9998972415924072,3.0,3.0,8,2
1,val,298,4.09189510345459,4.0,2.0,9,8
1,val,299,4.1310811042785645,4.0,2.0,9,8
1,val,300,4.123942852020264,4.0,2.0,9,8
1,val,301,4.313207149505615,4.0,6.0,9,8
1,val,302,2.999826192855835,3.0,3.0,5,4
1,val,303,2.9998674392700195,3.0,3.0,5,4
1,val,304,3.9840543270111084,4.0,10.0,9,8
1,val,305,2.999919891357422,3.0,3.0,5,4
1,val,306,4.602700710296631,5.0,12.0,9,8
1,val,307,3.9687929153442383,4.0,16.0,9,8
1,val,308,4.5456671714782715,5.0,2.0,9,8
1,val,309,2.9999279975891113,3.0,3.0,5,4
1,val,310,4.054265022277832,4.0,6.0,9,8
1,val,311,3.014106512069702,3.0,3.0,5,4
1,val,312,3.000328540802002,3.0,3.0,7,6
1,val,313,4.598727703094482,5.0,7.0,9,8
1,val,314,2.9998607635498047,3.0,3.0,5,4
1,val,315,3.0000975131988525,3.0,3.0,5,4
1,val,316,2.9999680519104004,3.0,3.0,5,4
1,val,317,4.040156841278076,4.0,5.0,9,2
1,val,318,2.999864101409912,3.0,3.0,7,6
1,val,319,2.999856472015381,3.0,3.0,7,6
1,val,320,2.999692678451538,3.0,3.0,5,4
1,val,321,2.999880075454712,3.0,3.0,7,6
1,val,322,4.204972267150879,4.0,7.0,9,8
1,val,323,2.9998526573181152,3.0,3.0,5,4
1,val,324,4.0471367835998535,4.0,5.0,9,8
1,val,325,2.999939441680908,3.0,3.0,7,6
1,val,326,2.999870777130127,3.0,3.0,7,6
1,val,327,4.00499963760376,4.0,14.0,9,8
1,val,328,3.9980175495147705,4.0,6.0,9,8
1,val,329,3.0007646083831787,3.0,3.0,8,2
1,val,330,2.9999003410339355,3.0,3.0,5,4
1,val,331,4.071429252624512,4.0,2.0,9,8
1,val,332,2.999945878982544,3.0,3.0,5,4
1,val,333,2.9997549057006836,3.0,3.0,7,6
1,val,334,3.0301449298858643,3.0,3.0,7,6
1,val,335,4.134580135345459,4.0,6.0,9,2
1,val,336,4.414546012878418,4.0,5.0,9,2
1,val,337,3.007655620574951,3.0,3.0,7,6
1,val,338,2.9999043941497803,3.0,3.0,7,6
1,val,339,2.9997682571411133,3.0,3.0,7,6
1,val,340,2.9999618530273438,3.0,3.0,5,4
1,val,341,2.999851942062378,3.0,3.0,5,4
1,val,342,2.9999935626983643,3.0,3.0,7,6
1,val,343,2.9999725818634033,3.0,3.0,7,6
1,val,344,2.9998393058776855,3.0,3.0,7,6
1,val,345,2.999830722808838,3.0,3.0,5,4
1,val,346,4.408749580383301,4.0,5.0,9,8
1,val,347,4.096556663513184,4.0,4.0,9,8
1,val,348,4.0584025382995605,4.0,8.0,9,8
1,val,349,3.005185842514038,3.0,3.0,7,6
1,val,350,2.9998676776885986,3.0,3.0,5,4
1,val,351,2.999821901321411,3.0,3.0,7,6
1,val,352,2.9998421669006348,3.0,3.0,5,4
1,val,353,2.9999704360961914,3.0,3.0,7,6
1,val,354,2.999934434890747,3.0,3.0,5,4
1,val,355,2.9998552799224854,3.0,3.0,7,6
1,val,356,4.097179412841797,4.0,14.0,9,8
1,val,357,3.000060796737671,3.0,3.0,7,6
1,val,358,2.9998581409454346,3.0,3.0,7,6
1,val,359,3.959580659866333,4.0,2.0,9,2
1,val,360,2.9998276233673096,3.0,3.0,5,4
1,val,361,2.9998931884765625,3.0,3.0,7,6
1,val,362,2.999760866165161,3.0,3.0,5,4
1,val,363,4.7082133293151855,5.0,5.0,9,8
1,val,364,3.0000970363616943,3.0,3.0,7,2
1,val,365,2.9998984336853027,3.0,3.0,7,6
1,val,366,4.099482536315918,4.0,5.0,9,8
1,val,367,3.000339984893799,3.0,3.0,7,6
1,val,368,3.0000805854797363,3.0,3.0,5,4
1,val,369,4.21211576461792,4.0,2.0,9,8
1,val,370,2.9998583793640137,3.0,3.0,7,6
1,val,371,3.0001139640808105,3.0,3.0,5,4
1,val,372,3.000502109527588,3.0,3.0,7,6
1,val,373,4.0383830070495605,4.0,2.0,9,8
1,val,374,3.0009052753448486,3.0,3.0,7,6
1,val,375,2.9998886585235596,3.0,3.0,6,2
1,val,376,3.0003793239593506,3.0,3.0,7,6
1,val,377,2.9998114109039307,3.0,3.0,8,2
1,val,378,2.99981427192688,3.0,3.0,5,4
1,val,379,3.001343011856079,3.0,3.0,8,2
1,val,380,2.9998507499694824,3.0,3.0,7,6
1,val,381,4.126276016235352,4.0,14.0,9,8
1,val,382,4.069289684295654,4.0,4.0,9,8
1,val,383,3.0019967555999756,3.0,3.0,8,2
1,val,384,2.999880313873291,3.0,3.0,5,4
1,val,385,2.9999029636383057,3.0,3.0,5,4
1,val,386,3.006810188293457,3.0,3.0,7,6
1,val,387,3.999607801437378,4.0,5.0,9,8
1,val,388,2.9998416900634766,3.0,3.0,7,2
1,val,389,4.381741523742676,4.0,5.0,9,2
1,val,390,4.350314140319824,4.0,6.0,9,2
1,val,391,3.0008046627044678,3.0,3.0,5,4
1,val,392,4.0374650955200195,4.0,2.0,9,8
1,val,393,3.0214478969573975,3.0,3.0,7,6
1,val,394,2.999988555908203,3.0,3.0,7,6
1,val,395,2.999843120574951,3.0,3.0,6,2
1,val,396,2.9999701976776123,3.0,3.0,5,4
1,val,397,3.0001983642578125,3.0,3.0,5,4
1,val,398,2.9998183250427246,3.0,3.0,7,6
1,val,399,3.000025749206543,3.0,3.0,7,6
1,val,400,2.9997522830963135,3.0,3.0,8,2
1,val,401,3.016887664794922,3.0,3.0,5,4
1,val,402,3.975332260131836,4.0,6.0,9,2
1,val,403,2.9998624324798584,3.0,3.0,5,4
1,val,404,2.9999029636383057,3.0,3.0,7,6
1,val,405,2.99975323677063,3.0,3.0,5,4
1,val,406,3.0001494884490967,3.0,3.0,7,6
1,val,407,4.0445733070373535,4.0,6.0,9,8
1,val,408,3.001657009124756,3.0,3.0,5,4
1,val,409,4.183920860290527,4.0,11.0,9,8
1,val,410,2.9999237060546875,3.0,3.0,7,6
1,val,411,4.0039591789245605,4.0,5.0,9,2
1,val,412,3.000053644180298,3.0,3.0,7,6
1,val,413,2.999847173690796,3.0,3.0,8,2
1,val,414,2.9998672008514404,3.0,3.0,5,2
1,val,415,2.999752998352051,3.0,3.0,5,4
1,val,416,2.9998600482940674,3.0,3.0,7,6
1,val,417,2.999919891357422,3.0,3.0,5,4
1,val,418,3.997748374938965,4.0,6.0,9,8
1,val,419,2.999861240386963,3.0,3.0,7,6
1,val,420,2.999980926513672,3.0,3.0,5,4
1,val,421,2.9998764991760254,3.0,3.0,7,6
1,val,422,3.0000553131103516,3.0,3.0,8,2
1,val,423,2.9999308586120605,3.0,3.0,5,4
1,val,424,3.000415563583374,3.0,3.0,7,6
1,val,425,2.999868392944336,3.0,3.0,7,6
1,val,426,2.999804735183716,3.0,3.0,7,6
1,val,427,2.999861478805542,3.0,3.0,5,4
1,val,428,2.999908924102783,3.0,3.0,7,6
1,val,429,3.0077013969421387,3.0,3.0,5,2
1,val,430,2.9999234676361084,3.0,3.0,7,6
1,val,431,3.001132011413574,3.0,3.0,5,4
1,val,432,4.0133137702941895,4.0,6.0,9,8
1,val,433,2.9998018741607666,3.0,3.0,6,2
1,val,434,2.999844789505005,3.0,3.0,8,2
1,val,435,2.9998297691345215,3.0,3.0,6,2
1,val,436,2.9999966621398926,3.0,3.0,7,6
1,val,437,2.999873638153076,3.0,3.0,7,6
1,val,438,4.172521114349365,4.0,2.0,9,2
1,val,439,2.9996590614318848,3.0,3.0,7,6
1,val,440,2.999878406524658,3.0,3.0,7,6
1,val,441,2.999765634536743,3.0,3.0,5,4
1,val,442,2.999927282333374,3.0,3.0,5,4
1,val,443,2.9998927116394043,3.0,3.0,5,4
1,val,444,2.9998366832733154,3.0,3.0,7,6
1,val,445,2.9998269081115723,3.0,3.0,7,6
1,val,446,2.9998245239257812,3.0,3.0,7,6
1,val,447,4.596024036407471,5.0,2.0,9,8
1,val,448,2.9998865127563477,3.0,3.0,5,4
1,val,449,4.34692907333374,4.0,5.0,9,8
1,val,450,3.0000274181365967,3.0,3.0,6,2
1,val,451,4.001243591308594,4.0,5.0,9,2
1,val,452,4.0073370933532715,4.0,6.0,9,2
1,val,453,2.999866008758545,3.0,3.0,5,4
1,val,454,2.999998092651367,3.0,3.0,7,6
1,val,455,4.606074333190918,5.0,2.0,9,8
1,val,456,4.469379901885986,4.0,12.0,9,8
1,val,457,3.0000486373901367,3.0,3.0,7,2
1,val,458,2.9998443126678467,3.0,3.0,5,4
1,val,459,3.003255605697632,3.0,3.0,5,4
1,val,460,2.9998621940612793,3.0,3.0,7,6
1,val,461,2.9997479915618896,3.0,3.0,7,2
1,val,462,2.999920606613159,3.0,3.0,5,4
1,val,463,3.000344753265381,3.0,3.0,7,6
1,val,464,2.999877452850342,3.0,3.0,7,6
1,val,465,4.31743860244751,4.0,6.0,9,8
1,val,466,2.9997987747192383,3.0,3.0,5,4
1,val,467,4.02371072769165,4.0,2.0,9,8
1,val,468,2.9998726844787598,3.0,3.0,5,4
1,val,469,2.9998278617858887,3.0,3.0,7,6
1,val,470,3.002789258956909,3.0,3.0,5,4
1,val,471,2.9998486042022705,3.0,3.0,7,6
1,val,472,4.290546894073486,4.0,2.0,9,8
1,val,473,2.9998831748962402,3.0,3.0,7,2
1,val,474,4.442323207855225,4.0,3.0,9,8
1,val,475,3.0005197525024414,3.0,3.0,7,6
1,val,476,2.999765396118164,3.0,3.0,7,6
1,val,477,2.9999072551727295,3.0,3.0,5,4
1,val,478,4.1155219078063965,4.0,5.0,9,2
1,val,479,4.378251552581787,4.0,2.0,9,8
1,val,480,4.01583194732666,4.0,5.0,9,2
1,val,481,4.129538059234619,4.0,16.0,9,8
1,val,482,4.367989540100098,4.0,2.0,9,8
1,val,483,4.1529860496521,4.0,2.0,9,8
1,val,484,4.004478931427002,4.0,6.0,9,2
1,val,485,4.00797700881958,4.0,3.0,9,8
1,val,486,2.9998726844787598,3.0,3.0,7,6
1,val,487,3.0278658866882324,3.0,3.0,7,2
1,val,488,2.999840497970581,3.0,3.0,7,6
1,val,489,4.176114559173584,4.0,5.0,9,8
1,val,490,4.040816307067871,4.0,5.0,9,8
1,val,491,3.0097687244415283,3.0,3.0,5,4
1,val,492,2.999830961227417,3.0,3.0,7,2
1,val,493,4.260725498199463,4.0,7.0,9,2
1,val,494,4.009029388427734,4.0,2.0,9,8
1,val,495,3.030524969100952,3.0,3.0,7,6
1,val,496,2.9998366832733154,3.0,3.0,7,2
1,val,497,3.000229835510254,3.0,3.0,5,4
1,val,498,3.000488042831421,3.0,3.0,7,6
1,val,499,3.00036883354187,3.0,3.0,5,4
1,val,500,2.999861240386963,3.0,3.0,6,2
1,val,501,3.999779224395752,4.0,2.0,9,8
1,val,502,2.9999325275421143,3.0,3.0,7,2
1,val,503,2.9998836517333984,3.0,3.0,6,2
1,val,504,2.9998185634613037,3.0,3.0,8,2
1,val,505,2.999890089035034,3.0,3.0,5,4
1,val,506,2.9997880458831787,3.0,3.0,7,6
1,val,507,3.0045509338378906,3.0,3.0,7,6
1,val,508,3.000239610671997,3.0,3.0,7,2
1,val,509,2.999976634979248,3.0,3.0,5,4
1,val,510,3.0022761821746826,3.0,3.0,8,2
1,val,511,2.9997239112854004,3.0,3.0,7,2
1,ood_mixed,0,4.276935577392578,4.0,16.0,9,8
1,ood_mixed,1,2.9998531341552734,3.0,3.0,5,4
1,ood_mixed,2,3.0032312870025635,3.0,3.0,5,4
1,ood_mixed,3,3.0000367164611816,3.0,3.0,5,4
1,ood_mixed,4,4.43543004989624,4.0,2.0,9,2
1,ood_mixed,5,2.999849319458008,3.0,3.0,8,2
1,ood_mixed,6,3.0004725456237793,3.0,3.0,7,6
1,ood_mixed,7,4.151176929473877,4.0,6.0,9,2
1,ood_mixed,8,2.999816417694092,3.0,3.0,8,2
1,ood_mixed,9,2.9999330043792725,3.0,3.0,6,2
1,ood_mixed,10,4.103604793548584,4.0,5.0,9,8
1,ood_mixed,11,4.556140422821045,5.0,13.0,9,8
1,ood_mixed,12,4.00770378112793,4.0,3.0,9,8
1,ood_mixed,13,4.333572864532471,4.0,2.0,9,2
1,ood_mixed,14,4.321829795837402,4.0,5.0,9,2
1,ood_mixed,15,2.9998257160186768,3.0,3.0,7,6
1,ood_mixed,16,2.9999606609344482,3.0,3.0,7,6
1,ood_mixed,17,4.220681667327881,4.0,3.0,9,8
1,ood_mixed,18,4.004160404205322,4.0,6.0,9,8
1,ood_mixed,19,4.169406890869141,4.0,9.0,9,8
1,ood_mixed,20,3.0010523796081543,3.0,3.0,7,6
1,ood_mixed,21,2.999847888946533,3.0,3.0,5,4
1,ood_mixed,22,2.999859094619751,3.0,3.0,5,4
1,ood_mixed,23,3.037273645401001,3.0,3.0,5,4
1,ood_mixed,24,3.000519037246704,3.0,3.0,7,6
1,ood_mixed,25,4.443164825439453,4.0,2.0,9,8
1,ood_mixed,26,4.417349338531494,4.0,12.0,9,8
1,ood_mixed,27,3.0005810260772705,3.0,3.0,5,4
1,ood_mixed,28,2.999825954437256,3.0,3.0,5,4
1,ood_mixed,29,4.021730422973633,4.0,15.0,9,8
1,ood_mixed,30,2.999905586242676,3.0,3.0,7,6
1,ood_mixed,31,4.247598648071289,4.0,2.0,9,8
1,ood_mixed,32,4.618359565734863,5.0,2.0,9,8
1,ood_mixed,33,2.9997711181640625,3.0,3.0,7,6
1,ood_mixed,34,2.9998137950897217,3.0,3.0,8,2
1,ood_mixed,35,4.003645420074463,4.0,6.0,9,8
1,ood_mixed,36,3.0000314712524414,3.0,3.0,5,4
1,ood_mixed,37,2.999894618988037,3.0,3.0,7,6
1,ood_mixed,38,2.9999468326568604,3.0,3.0,5,4
1,ood_mixed,39,3.000002384185791,3.0,3.0,5,4
1,ood_mixed,40,2.9999191761016846,3.0,3.0,8,2
1,ood_mixed,41,2.999901294708252,3.0,3.0,6,2
1,ood_mixed,42,2.999974012374878,3.0,3.0,7,6
1,ood_mixed,43,3.002507209777832,3.0,3.0,5,4
1,ood_mixed,44,2.999833106994629,3.0,3.0,7,6
1,ood_mixed,45,3.0147135257720947,3.0,3.0,7,2
1,ood_mixed,46,4.274044036865234,4.0,2.0,9,8
1,ood_mixed,47,2.999732255935669,3.0,3.0,5,4
1,ood_mixed,48,3.875685691833496,4.0,10.0,9,8
1,ood_mixed,49,4.449352264404297,4.0,15.0,9,8
1,ood_mixed,50,2.9998271465301514,3.0,3.0,8,2
1,ood_mixed,51,4.027569770812988,4.0,3.0,9,8
1,ood_mixed,52,2.999838352203369,3.0,3.0,7,6
1,ood_mixed,53,4.617457389831543,5.0,5.0,9,2
1,ood_mixed,54,4.071779251098633,4.0,5.0,9,8
1,ood_mixed,55,2.999918222427368,3.0,3.0,7,6
1,ood_mixed,56,2.9998607635498047,3.0,3.0,8,2
1,ood_mixed,57,2.9999077320098877,3.0,3.0,7,6
1,ood_mixed,58,4.023852348327637,4.0,2.0,9,8
1,ood_mixed,59,2.999782085418701,3.0,3.0,6,2
1,ood_mixed,60,3.0053446292877197,3.0,3.0,7,6
1,ood_mixed,61,2.9998576641082764,3.0,3.0,7,6
1,ood_mixed,62,4.119711399078369,4.0,2.0,9,8
1,ood_mixed,63,2.9997594356536865,3.0,3.0,7,6
1,ood_mixed,64,3.0000815391540527,3.0,3.0,5,4
1,ood_mixed,65,2.999884843826294,3.0,3.0,7,6
1,ood_mixed,66,4.347484111785889,4.0,5.0,9,8
1,ood_mixed,67,2.9995832443237305,3.0,3.0,7,6
1,ood_mixed,68,3.004234552383423,3.0,3.0,7,6
1,ood_mixed,69,4.01682186126709,4.0,6.0,9,8
1,ood_mixed,70,4.629544258117676,5.0,5.0,9,8
1,ood_mixed,71,2.9999914169311523,3.0,3.0,6,2
1,ood_mixed,72,2.99980092048645,3.0,3.0,7,6
1,ood_mixed,73,2.9998855590820312,3.0,3.0,8,2
1,ood_mixed,74,4.366483211517334,4.0,13.0,9,8
1,ood_mixed,75,2.9999101161956787,3.0,3.0,7,6
1,ood_mixed,76,2.999913215637207,3.0,3.0,7,6
1,ood_mixed,77,4.172429084777832,4.0,5.0,9,2
1,ood_mixed,78,3.000236749649048,3.0,3.0,6,2
1,ood_mixed,79,4.468502521514893,4.0,6.0,9,8
1,ood_mixed,80,3.000244379043579,3.0,3.0,5,4
1,ood_mixed,81,2.999868154525757,3.0,3.0,8,2
1,ood_mixed,82,4.03102970123291,4.0,2.0,9,8
1,ood_mixed,83,3.0000052452087402,3.0,3.0,7,6
1,ood_mixed,84,3.0002832412719727,3.0,3.0,5,4
1,ood_mixed,85,3.0002999305725098,3.0,3.0,7,6
1,ood_mixed,86,2.999814033508301,3.0,3.0,8,2
1,ood_mixed,87,2.9997341632843018,3.0,3.0,7,6
1,ood_mixed,88,4.350655555725098,4.0,6.0,9,2
1,ood_mixed,89,4.37835693359375,4.0,6.0,9,8
1,ood_mixed,90,2.999863624572754,3.0,3.0,8,2
1,ood_mixed,91,4.365511894226074,4.0,2.0,9,2
1,ood_mixed,92,3.0011558532714844,3.0,3.0,5,4
1,ood_mixed,93,4.023346424102783,4.0,5.0,9,2
1,ood_mixed,94,2.9998726844787598,3.0,3.0,5,4
1,ood_mixed,95,4.18782377243042,4.0,5.0,9,2
1,ood_mixed,96,3.027615547180176,3.0,3.0,5,4
1,ood_mixed,97,2.999861001968384,3.0,3.0,7,6
1,ood_mixed,98,2.999971866607666,3.0,3.0,5,4
1,ood_mixed,99,3.012585401535034,3.0,3.0,7,6
1,ood_mixed,100,3.079500436782837,3.0,3.0,7,6
1,ood_mixed,101,2.9999687671661377,3.0,3.0,7,6
1,ood_mixed,102,4.32743501663208,4.0,6.0,9,2
1,ood_mixed,103,3.0005054473876953,3.0,3.0,5,4
1,ood_mixed,104,3.0005569458007812,3.0,3.0,5,4
1,ood_mixed,105,4.055140018463135,4.0,15.0,9,8
1,ood_mixed,106,4.1680588722229,4.0,2.0,9,8
1,ood_mixed,107,4.126647472381592,4.0,2.0,9,8
1,ood_mixed,108,2.9998714923858643,3.0,3.0,7,6
1,ood_mixed,109,3.0002799034118652,3.0,3.0,8,2
1,ood_mixed,110,2.999819040298462,3.0,3.0,8,2
1,ood_mixed,111,3.0019707679748535,3.0,3.0,7,6
1,ood_mixed,112,2.999882459640503,3.0,3.0,7,6
1,ood_mixed,113,3.0000197887420654,3.0,3.0,6,2
1,ood_mixed,114,3.00801157951355,3.0,3.0,5,4
1,ood_mixed,115,2.9999840259552,3.0,3.0,7,6
1,ood_mixed,116,4.255383491516113,4.0,2.0,9,8
1,ood_mixed,117,2.999911069869995,3.0,3.0,7,6
1,ood_mixed,118,3.0000264644622803,3.0,3.0,5,4
1,ood_mixed,119,2.9999284744262695,3.0,3.0,5,4
1,ood_mixed,120,2.9998631477355957,3.0,3.0,7,6
1,ood_mixed,121,3.000135898590088,3.0,3.0,5,4
1,ood_mixed,122,4.560970783233643,5.0,8.0,9,8
1,ood_mixed,123,2.9998886585235596,3.0,3.0,7,2
1,ood_mixed,124,4.463357925415039,4.0,6.0,9,2
1,ood_mixed,125,4.003453731536865,4.0,7.0,9,2
1,ood_mixed,126,4.0019731521606445,4.0,3.0,9,8
1,ood_mixed,127,4.442366123199463,4.0,3.0,9,8
1,ood_mixed,128,4.429835796356201,4.0,2.0,9,8
1,ood_mixed,129,3.0007102489471436,3.0,3.0,5,4
1,ood_mixed,130,3.000061273574829,3.0,3.0,6,2
1,ood_mixed,131,4.011435508728027,4.0,2.0,9,2
1,ood_mixed,132,4.286484241485596,4.0,6.0,9,8
1,ood_mixed,133,4.013224124908447,4.0,6.0,9,8
1,ood_mixed,134,2.9998667240142822,3.0,3.0,7,6
1,ood_mixed,135,4.828335285186768,5.0,6.0,9,2
1,ood_mixed,136,4.140143394470215,4.0,5.0,9,2
1,ood_mixed,137,3.0252268314361572,3.0,3.0,7,6
1,ood_mixed,138,4.0064544677734375,4.0,2.0,9,2
1,ood_mixed,139,2.9998888969421387,3.0,3.0,7,2
1,ood_mixed,140,3.003255844116211,3.0,3.0,6,2
1,ood_mixed,141,4.059846878051758,4.0,5.0,9,8
1,ood_mixed,142,2.9997732639312744,3.0,3.0,7,6
1,ood_mixed,143,2.9998679161071777,3.0,3.0,7,6
1,ood_mixed,144,2.9998795986175537,3.0,3.0,5,4
1,ood_mixed,145,3.0013582706451416,3.0,3.0,7,6
1,ood_mixed,146,3.0004525184631348,3.0,3.0,7,6
1,ood_mixed,147,2.999817371368408,3.0,3.0,5,4
1,ood_mixed,148,4.0099663734436035,4.0,3.0,9,8
1,ood_mixed,149,3.000248432159424,3.0,3.0,7,6
1,ood_mixed,150,2.9998273849487305,3.0,3.0,5,4
1,ood_mixed,151,4.148848533630371,4.0,2.0,9,8
1,ood_mixed,152,2.9998581409454346,3.0,3.0,7,6
1,ood_mixed,153,2.9998364448547363,3.0,3.0,7,6
1,ood_mixed,154,4.193180561065674,4.0,2.0,9,8
1,ood_mixed,155,2.9997544288635254,3.0,3.0,7,6
1,ood_mixed,156,2.999833583831787,3.0,3.0,8,2
1,ood_mixed,157,3.009061813354492,3.0,3.0,5,4
1,ood_mixed,158,2.999849319458008,3.0,3.0,7,6
1,ood_mixed,159,2.999882698059082,3.0,3.0,7,6
1,ood_mixed,160,4.357332706451416,4.0,2.0,9,8
1,ood_mixed,161,2.999800205230713,3.0,3.0,5,4
1,ood_mixed,162,2.999781847000122,3.0,3.0,7,6
1,ood_mixed,163,4.069171905517578,4.0,10.0,9,8
1,ood_mixed,164,4.243491172790527,4.0,16.0,9,8
1,ood_mixed,165,2.9997823238372803,3.0,3.0,6,2
1,ood_mixed,166,2.9997849464416504,3.0,3.0,5,4
1,ood_mixed,167,2.999877691268921,3.0,3.0,7,6
1,ood_mixed,168,2.9999587535858154,3.0,3.0,7,6
1,ood_mixed,169,2.9997365474700928,3.0,3.0,5,4
1,ood_mixed,170,2.9998514652252197,3.0,3.0,5,4
1,ood_mixed,171,2.9996731281280518,3.0,3.0,5,4
1,ood_mixed,172,4.082924842834473,4.0,5.0,9,8
1,ood_mixed,173,3.000000476837158,3.0,3.0,5,2
1,ood_mixed,174,4.041749000549316,4.0,5.0,9,2
1,ood_mixed,175,2.999802350997925,3.0,3.0,7,6
1,ood_mixed,176,2.999899387359619,3.0,3.0,5,4
1,ood_mixed,177,4.0112223625183105,4.0,15.0,9,8
1,ood_mixed,178,4.257455825805664,4.0,2.0,9,8
1,ood_mixed,179,3.0031254291534424,3.0,3.0,7,6
1,ood_mixed,180,4.039734840393066,4.0,2.0,9,8
1,ood_mixed,181,4.530690670013428,5.0,4.0,9,8
1,ood_mixed,182,4.081456661224365,4.0,6.0,9,8
1,ood_mixed,183,2.9998743534088135,3.0,3.0,7,6
1,ood_mixed,184,3.7618861198425293,4.0,13.0,9,8
1,ood_mixed,185,2.999880790710449,3.0,3.0,8,2
1,ood_mixed,186,2.9997684955596924,3.0,3.0,5,4
1,ood_mixed,187,4.828163146972656,5.0,4.0,9,8
1,ood_mixed,188,3.967768430709839,4.0,12.0,9,8
1,ood_mixed,189,2.9998579025268555,3.0,3.0,5,4
1,ood_mixed,190,2.999763250350952,3.0,3.0,7,6
1,ood_mixed,191,2.9998202323913574,3.0,3.0,7,2
1,ood_mixed,192,4.44418478012085,4.0,2.0,9,8
1,ood_mixed,193,4.050826549530029,4.0,2.0,9,8
1,ood_mixed,194,3.000236988067627,3.0,3.0,6,2
1,ood_mixed,195,4.514989376068115,5.0,10.0,9,8
1,ood_mixed,196,2.999894142150879,3.0,3.0,5,4
1,ood_mixed,197,4.001138687133789,4.0,5.0,9,2
1,ood_mixed,198,2.9999778270721436,3.0,3.0,7,6
1,ood_mixed,199,2.9999444484710693,3.0,3.0,5,4
1,ood_mixed,200,2.999857187271118,3.0,3.0,5,4
1,ood_mixed,201,4.013062000274658,4.0,7.0,9,8
1,ood_mixed,202,2.999856948852539,3.0,3.0,7,6
1,ood_mixed,203,4.002060890197754,4.0,16.0,9,8
1,ood_mixed,204,3.9980838298797607,4.0,5.0,9,8
1,ood_mixed,205,3.9836819171905518,4.0,2.0,9,8
1,ood_mixed,206,3.0008127689361572,3.0,3.0,8,2
1,ood_mixed,207,2.9999563694000244,3.0,3.0,7,6
1,ood_mixed,208,4.160019874572754,4.0,6.0,9,2
1,ood_mixed,209,2.9998159408569336,3.0,3.0,7,6
1,ood_mixed,210,2.9998788833618164,3.0,3.0,5,4
1,ood_mixed,211,4.167844772338867,4.0,4.0,9,8
1,ood_mixed,212,3.00044322013855,3.0,3.0,7,6
1,ood_mixed,213,3.0000104904174805,3.0,3.0,7,6
1,ood_mixed,214,2.9998269081115723,3.0,3.0,8,2
1,ood_mixed,215,4.284883975982666,4.0,5.0,9,8
1,ood_mixed,216,4.001689910888672,4.0,6.0,9,2
1,ood_mixed,217,3.000499963760376,3.0,3.0,7,6
1,ood_mixed,218,3.001417636871338,3.0,3.0,5,4
1,ood_mixed,219,2.999981164932251,3.0,3.0,7,6
1,ood_mixed,220,4.099203109741211,4.0,5.0,9,2
1,ood_mixed,221,3.0330514907836914,3.0,3.0,7,6
1,ood_mixed,222,3.001253366470337,3.0,3.0,7,6
1,ood_mixed,223,3.008570432662964,3.0,3.0,8,2
1,ood_mixed,224,4.009362697601318,4.0,2.0,9,8
1,ood_mixed,225,2.9997589588165283,3.0,3.0,5,4
1,ood_mixed,226,2.9998838901519775,3.0,3.0,5,4
1,ood_mixed,227,2.9998388290405273,3.0,3.0,5,4
1,ood_mixed,228,2.999854803085327,3.0,3.0,5,4
1,ood_mixed,229,2.9996871948242188,3.0,3.0,8,2
1,ood_mixed,230,2.9998703002929688,3.0,3.0,5,2
1,ood_mixed,231,3.0000319480895996,3.0,3.0,6,2
1,ood_mixed,232,4.1357102394104,4.0,2.0,9,8
1,ood_mixed,233,2.9998550415039062,3.0,3.0,7,2
1,ood_mixed,234,2.9998350143432617,3.0,3.0,6,2
1,ood_mixed,235,3.9996590614318848,4.0,5.0,9,8
1,ood_mixed,236,4.370187759399414,4.0,2.0,9,8
1,ood_mixed,237,2.9998860359191895,3.0,3.0,5,4
1,ood_mixed,238,3.0009264945983887,3.0,3.0,5,4
1,ood_mixed,239,4.002109050750732,4.0,5.0,9,2
1,ood_mixed,240,3.938462257385254,4.0,2.0,9,8
1,ood_mixed,241,4.121189117431641,4.0,2.0,9,8
1,ood_mixed,242,4.253495216369629,4.0,7.0,9,8
1,ood_mixed,243,4.160340309143066,4.0,2.0,9,8
1,ood_mixed,244,2.999919891357422,3.0,3.0,7,2
1,ood_mixed,245,4.248755931854248,4.0,5.0,9,8
1,ood_mixed,246,2.999811887741089,3.0,3.0,5,4
1,ood_mixed,247,2.9997596740722656,3.0,3.0,7,6
1,ood_mixed,248,4.498725414276123,4.0,4.0,9,8
1,ood_mixed,249,3.000227451324463,3.0,3.0,5,4
1,ood_mixed,250,4.175321102142334,4.0,3.0,9,2
1,ood_mixed,251,2.999852418899536,3.0,3.0,8,2
1,ood_mixed,252,2.9998438358306885,3.0,3.0,5,4
1,ood_mixed,253,3.0000319480895996,3.0,3.0,7,6
1,ood_mixed,254,3.0020625591278076,3.0,3.0,5,4
1,ood_mixed,255,2.9997994899749756,3.0,3.0,8,2
1,ood_mixed,256,4.03511905670166,4.0,2.0,9,8
1,ood_mixed,257,2.9998772144317627,3.0,3.0,7,6
1,ood_mixed,258,2.9999382495880127,3.0,3.0,5,4
1,ood_mixed,259,4.226515293121338,4.0,3.0,9,2
1,ood_mixed,260,4.166954040527344,4.0,2.0,9,8
1,ood_mixed,261,2.9999465942382812,3.0,3.0,5,4
1,ood_mixed,262,2.9998154640197754,3.0,3.0,6,2
1,ood_mixed,263,2.9997806549072266,3.0,3.0,7,6
1,ood_mixed,264,2.9998362064361572,3.0,3.0,7,6
1,ood_mixed,265,2.999847650527954,3.0,3.0,7,6
1,ood_mixed,266,3.000387191772461,3.0,3.0,5,4
1,ood_mixed,267,2.999819755554199,3.0,3.0,5,4
1,ood_mixed,268,2.999821662902832,3.0,3.0,7,6
1,ood_mixed,269,3.0010464191436768,3.0,3.0,5,4
1,ood_mixed,270,3.999350070953369,4.0,3.0,9,8
1,ood_mixed,271,4.280215263366699,4.0,6.0,9,2
1,ood_mixed,272,4.4066314697265625,4.0,5.0,9,8
1,ood_mixed,273,2.9999191761016846,3.0,3.0,7,6
1,ood_mixed,274,3.722151756286621,4.0,3.0,9,8
1,ood_mixed,275,4.103376388549805,4.0,2.0,9,8
1,ood_mixed,276,3.000319719314575,3.0,3.0,7,6
1,ood_mixed,277,2.9999709129333496,3.0,3.0,5,4
1,ood_mixed,278,2.9997754096984863,3.0,3.0,5,4
1,ood_mixed,279,2.9998817443847656,3.0,3.0,5,4
1,ood_mixed,280,3.992784261703491,4.0,16.0,9,8
1,ood_mixed,281,3.000124931335449,3.0,3.0,7,6
1,ood_mixed,282,3.000063896179199,3.0,3.0,5,4
1,ood_mixed,283,2.999699592590332,3.0,3.0,7,2
1,ood_mixed,284,3.0001070499420166,3.0,3.0,7,6
1,ood_mixed,285,2.999854564666748,3.0,3.0,7,6
1,ood_mixed,286,3.0285274982452393,3.0,4.0,7,6
1,ood_mixed,287,2.9998252391815186,3.0,3.0,8,2
1,ood_mixed,288,3.0010488033294678,3.0,3.0,5,4
1,ood_mixed,289,2.999915838241577,3.0,3.0,5,4
1,ood_mixed,290,2.9998624324798584,3.0,3.0,7,6
1,ood_mixed,291,3.0007483959198,3.0,3.0,5,4
1,ood_mixed,292,2.999811887741089,3.0,3.0,5,4
1,ood_mixed,293,2.999840497970581,3.0,3.0,5,4
1,ood_mixed,294,3.004110813140869,3.0,3.0,7,6
1,ood_mixed,295,4.059070110321045,4.0,3.0,9,2
1,ood_mixed,296,2.9998939037323,3.0,3.0,7,6
1,ood_mixed,297,4.21452522277832,4.0,5.0,9,8
1,ood_mixed,298,4.104562282562256,4.0,2.0,9,8
1,ood_mixed,299,4.700338363647461,5.0,11.0,9,8
1,ood_mixed,300,4.317997455596924,4.0,3.0,9,8
1,ood_mixed,301,3.0000505447387695,3.0,3.0,5,4
1,ood_mixed,302,4.082558631896973,4.0,2.0,9,8
1,ood_mixed,303,3.0187785625457764,3.0,3.0,5,4
1,ood_mixed,304,3.001617431640625,3.0,3.0,7,6
1,ood_mixed,305,2.9999823570251465,3.0,3.0,5,4
1,ood_mixed,306,4.021173000335693,4.0,4.0,9,2
1,ood_mixed,307,3.000230550765991,3.0,3.0,5,4
1,ood_mixed,308,4.024239540100098,4.0,2.0,9,2
1,ood_mixed,309,4.156130313873291,4.0,6.0,9,2
1,ood_mixed,310,2.9998600482940674,3.0,3.0,7,6
1,ood_mixed,311,4.102894306182861,4.0,4.0,9,2
1,ood_mixed,312,2.999911308288574,3.0,3.0,7,6
1,ood_mixed,313,4.238211154937744,4.0,13.0,9,8
1,ood_mixed,314,4.031445503234863,4.0,2.0,9,2
1,ood_mixed,315,4.003363609313965,4.0,3.0,9,8
1,ood_mixed,316,2.9998278617858887,3.0,3.0,7,2
1,ood_mixed,317,4.464712619781494,4.0,5.0,9,8
1,ood_mixed,318,3.000934600830078,3.0,3.0,7,2
1,ood_mixed,319,4.217892169952393,4.0,14.0,9,8
1,ood_mixed,320,2.9998133182525635,3.0,3.0,8,2
1,ood_mixed,321,4.118067741394043,4.0,2.0,9,8
1,ood_mixed,322,4.0748291015625,4.0,7.0,9,8
1,ood_mixed,323,3.001448631286621,3.0,3.0,7,2
1,ood_mixed,324,4.043679714202881,4.0,2.0,9,8
1,ood_mixed,325,2.9999096393585205,3.0,3.0,5,4
1,ood_mixed,326,2.999826669692993,3.0,3.0,5,4
1,ood_mixed,327,2.999899387359619,3.0,3.0,7,6
1,ood_mixed,328,3.000514268875122,3.0,3.0,5,4
1,ood_mixed,329,3.0000085830688477,3.0,3.0,5,2
1,ood_mixed,330,3.003169536590576,3.0,3.0,7,6
1,ood_mixed,331,2.999929904937744,3.0,3.0,7,6
1,ood_mixed,332,2.999824047088623,3.0,3.0,7,6
1,ood_mixed,333,2.999842882156372,3.0,3.0,7,6
1,ood_mixed,334,2.999849796295166,3.0,3.0,8,2
1,ood_mixed,335,2.999936580657959,3.0,3.0,8,2
1,ood_mixed,336,4.492516994476318,4.0,3.0,9,2
1,ood_mixed,337,3.0000360012054443,3.0,3.0,8,2
1,ood_mixed,338,2.999950885772705,3.0,3.0,7,6
1,ood_mixed,339,4.397327423095703,4.0,2.0,9,8
1,ood_mixed,340,4.126017093658447,4.0,6.0,9,2
1,ood_mixed,341,3.000213623046875,3.0,3.0,5,4
1,ood_mixed,342,2.9998579025268555,3.0,3.0,5,4
1,ood_mixed,343,2.999840021133423,3.0,3.0,8,2
1,ood_mixed,344,2.9998295307159424,3.0,3.0,8,2
1,ood_mixed,345,2.9999239444732666,3.0,3.0,7,6
1,ood_mixed,346,2.9997034072875977,3.0,3.0,7,6
1,ood_mixed,347,3.0000317096710205,3.0,3.0,7,6
1,ood_mixed,348,2.9998018741607666,3.0,3.0,5,4
1,ood_mixed,349,3.0079660415649414,3.0,3.0,8,2
1,ood_mixed,350,4.455024242401123,4.0,2.0,9,8
1,ood_mixed,351,4.271984577178955,4.0,9.0,9,8
1,ood_mixed,352,2.9998645782470703,3.0,3.0,5,4
1,ood_mixed,353,2.9998955726623535,3.0,3.0,7,6
1,ood_mixed,354,2.9999430179595947,3.0,3.0,5,4
1,ood_mixed,355,3.0004310607910156,3.0,3.0,5,4
1,ood_mixed,356,4.30018424987793,4.0,5.0,9,2
1,ood_mixed,357,2.999941349029541,3.0,3.0,7,2
1,ood_mixed,358,2.9999051094055176,3.0,3.0,5,4
1,ood_mixed,359,4.082329750061035,4.0,13.0,9,8
1,ood_mixed,360,4.695249557495117,5.0,2.0,9,2
1,ood_mixed,361,4.330941677093506,4.0,8.0,9,2
1,ood_mixed,362,2.999948024749756,3.0,3.0,7,2
1,ood_mixed,363,2.999807596206665,3.0,3.0,7,6
1,ood_mixed,364,2.9998958110809326,3.0,3.0,5,4
1,ood_mixed,365,2.9998950958251953,3.0,3.0,8,2
1,ood_mixed,366,3.9982545375823975,4.0,2.0,9,8
1,ood_mixed,367,4.017861843109131,4.0,2.0,9,8
1,ood_mixed,368,2.9998748302459717,3.0,3.0,8,2
1,ood_mixed,369,4.325639247894287,4.0,8.0,9,8
1,ood_mixed,370,4.01043701171875,4.0,2.0,9,8
1,ood_mixed,371,2.999830484390259,3.0,3.0,7,6
1,ood_mixed,372,3.0001022815704346,3.0,3.0,8,2
1,ood_mixed,373,3.0007243156433105,3.0,3.0,5,4
1,ood_mixed,374,2.999889850616455,3.0,3.0,5,4
1,ood_mixed,375,2.999861240386963,3.0,3.0,5,4
1,ood_mixed,376,3.0008604526519775,3.0,3.0,5,4
1,ood_mixed,377,3.0046396255493164,3.0,3.0,7,6
1,ood_mixed,378,3.0000951290130615,3.0,3.0,7,6
1,ood_mixed,379,4.82450532913208,5.0,5.0,9,8
1,ood_mixed,380,2.9997668266296387,3.0,3.0,5,4
1,ood_mixed,381,4.187161445617676,4.0,5.0,9,2
1,ood_mixed,382,2.9998779296875,3.0,3.0,7,6
1,ood_mixed,383,3.000056028366089,3.0,3.0,7,6
1,ood_mixed,384,4.053497791290283,4.0,2.0,9,8
1,ood_mixed,385,4.287983417510986,4.0,12.0,9,8
1,ood_mixed,386,2.9999208450317383,3.0,3.0,8,2
1,ood_mixed,387,4.014599800109863,4.0,4.0,9,2
1,ood_mixed,388,4.265793323516846,4.0,5.0,9,8
1,ood_mixed,389,2.999833345413208,3.0,3.0,5,4
1,ood_mixed,390,2.999840259552002,3.0,3.0,8,2
1,ood_mixed,391,2.999908924102783,3.0,3.0,7,6
1,ood_mixed,392,3.000075101852417,3.0,3.0,7,2
1,ood_mixed,393,3.0006260871887207,3.0,3.0,5,4
1,ood_mixed,394,2.9998650550842285,3.0,3.0,5,4
1,ood_mixed,395,3.000530958175659,3.0,3.0,5,4
1,ood_mixed,396,2.999910593032837,3.0,3.0,7,2
1,ood_mixed,397,2.9998066425323486,3.0,3.0,7,6
1,ood_mixed,398,3.0064945220947266,3.0,3.0,7,6
1,ood_mixed,399,3.007706642150879,3.0,3.0,7,6
1,ood_mixed,400,4.105726718902588,4.0,2.0,9,8
1,ood_mixed,401,2.9998438358306885,3.0,3.0,8,2
1,ood_mixed,402,3.0005199909210205,3.0,3.0,7,6
1,ood_mixed,403,2.9998111724853516,3.0,3.0,7,6
1,ood_mixed,404,4.031180381774902,4.0,5.0,9,2
1,ood_mixed,405,3.0001344680786133,3.0,3.0,6,2
1,ood_mixed,406,2.999879837036133,3.0,3.0,8,2
1,ood_mixed,407,4.080530166625977,4.0,3.0,9,2
1,ood_mixed,408,2.999817371368408,3.0,3.0,5,4
1,ood_mixed,409,4.10402250289917,4.0,13.0,9,8
1,ood_mixed,410,4.15689754486084,4.0,5.0,9,2
1,ood_mixed,411,3.0038676261901855,3.0,3.0,7,6
1,ood_mixed,412,3.0001561641693115,3.0,3.0,7,6
1,ood_mixed,413,2.9999098777770996,3.0,3.0,5,4
1,ood_mixed,414,3.97534441947937,4.0,2.0,9,2
1,ood_mixed,415,2.9998645782470703,3.0,3.0,5,4
1,ood_mixed,416,3.0002353191375732,3.0,3.0,5,4
1,ood_mixed,417,2.999955892562866,3.0,3.0,5,4
1,ood_mixed,418,2.999908685684204,3.0,3.0,5,4
1,ood_mixed,419,4.075883388519287,4.0,5.0,9,8
1,ood_mixed,420,2.9998395442962646,3.0,3.0,8,2
1,ood_mixed,421,2.9999396800994873,3.0,3.0,7,2
1,ood_mixed,422,4.394057273864746,4.0,13.0,9,2
1,ood_mixed,423,2.9997384548187256,3.0,3.0,7,6
1,ood_mixed,424,3.0005886554718018,3.0,3.0,7,6
1,ood_mixed,425,3.000138759613037,3.0,3.0,7,6
1,ood_mixed,426,2.999913454055786,3.0,3.0,7,6
1,ood_mixed,427,2.999831438064575,3.0,3.0,5,4
1,ood_mixed,428,4.264157772064209,4.0,6.0,9,2
1,ood_mixed,429,2.9999282360076904,3.0,3.0,7,2
1,ood_mixed,430,4.485733509063721,4.0,2.0,9,8
1,ood_mixed,431,2.999889612197876,3.0,3.0,5,4
1,ood_mixed,432,2.999852418899536,3.0,3.0,7,6
1,ood_mixed,433,3.000156879425049,3.0,3.0,7,6
1,ood_mixed,434,2.999804735183716,3.0,3.0,5,4
1,ood_mixed,435,3.0015459060668945,3.0,3.0,7,6
1,ood_mixed,436,2.9999983310699463,3.0,3.0,7,6
1,ood_mixed,437,2.9997823238372803,3.0,3.0,5,4
1,ood_mixed,438,2.9997174739837646,3.0,3.0,7,2
1,ood_mixed,439,3.000253915786743,3.0,3.0,5,4
1,ood_mixed,440,3.9288525581359863,4.0,2.0,9,8
1,ood_mixed,441,2.9999778270721436,3.0,3.0,7,6
1,ood_mixed,442,2.9998557567596436,3.0,3.0,5,4
1,ood_mixed,443,3.0000205039978027,3.0,3.0,6,2
1,ood_mixed,444,4.174915313720703,4.0,5.0,9,8
1,ood_mixed,445,4.108165264129639,4.0,5.0,9,8
1,ood_mixed,446,4.011405944824219,4.0,6.0,9,2
1,ood_mixed,447,4.108734130859375,4.0,5.0,9,8
1,ood_mixed,448,2.9999148845672607,3.0,3.0,7,6
1,ood_mixed,449,2.9999194145202637,3.0,3.0,5,4
1,ood_mixed,450,2.9999282360076904,3.0,3.0,7,6
1,ood_mixed,451,3.0000953674316406,3.0,3.0,7,2
1,ood_mixed,452,2.999850034713745,3.0,3.0,5,4
1,ood_mixed,453,3.9667513370513916,4.0,3.0,9,8
1,ood_mixed,454,2.999811887741089,3.0,3.0,7,6
1,ood_mixed,455,3.0211896896362305,3.0,3.0,7,6
1,ood_mixed,456,3.0000557899475098,3.0,3.0,7,6
1,ood_mixed,457,2.999828338623047,3.0,3.0,5,4
1,ood_mixed,458,4.528026103973389,5.0,5.0,9,8
1,ood_mixed,459,3.000715732574463,3.0,3.0,5,2
1,ood_mixed,460,4.108739376068115,4.0,2.0,9,8
1,ood_mixed,461,4.228662490844727,4.0,13.0,9,8
1,ood_mixed,462,2.9998207092285156,3.0,3.0,7,6
1,ood_mixed,463,2.9998490810394287,3.0,3.0,5,4
1,ood_mixed,464,4.061211585998535,4.0,6.0,9,2
1,ood_mixed,465,4.6793622970581055,5.0,5.0,9,8
1,ood_mixed,466,3.0000178813934326,3.0,3.0,7,6
1,ood_mixed,467,3.0000979900360107,3.0,3.0,7,6
1,ood_mixed,468,2.999823808670044,3.0,3.0,8,2
1,ood_mixed,469,2.999863386154175,3.0,3.0,5,4
1,ood_mixed,470,4.088322639465332,4.0,7.0,9,2
1,ood_mixed,471,4.292574405670166,4.0,5.0,9,8
1,ood_mixed,472,4.090358257293701,4.0,11.0,9,8
1,ood_mixed,473,2.999826669692993,3.0,3.0,7,2
1,ood_mixed,474,2.999899387359619,3.0,3.0,7,2
1,ood_mixed,475,3.0003323554992676,3.0,3.0,5,4
1,ood_mixed,476,4.153712272644043,4.0,2.0,9,8
1,ood_mixed,477,2.999852180480957,3.0,3.0,5,4
1,ood_mixed,478,4.603292465209961,5.0,3.0,9,8
1,ood_mixed,479,2.9998645782470703,3.0,3.0,5,4
1,ood_mixed,480,2.9998340606689453,3.0,3.0,5,4
1,ood_mixed,481,2.9998414516448975,3.0,3.0,7,6
1,ood_mixed,482,2.9998111724853516,3.0,3.0,5,4
1,ood_mixed,483,2.9998269081115723,3.0,3.0,5,4
1,ood_mixed,484,2.999969244003296,3.0,3.0,5,4
1,ood_mixed,485,2.9998581409454346,3.0,3.0,5,4
1,ood_mixed,486,2.9998645782470703,3.0,3.0,7,6
1,ood_mixed,487,2.999906539916992,3.0,3.0,5,4
1,ood_mixed,488,2.9999823570251465,3.0,3.0,5,4
1,ood_mixed,489,2.999828815460205,3.0,3.0,5,4
1,ood_mixed,490,3.994750738143921,4.0,5.0,9,8
1,ood_mixed,491,4.045132160186768,4.0,2.0,9,8
1,ood_mixed,492,3.9610188007354736,4.0,2.0,9,8
1,ood_mixed,493,3.000016689300537,3.0,3.0,5,4
1,ood_mixed,494,4.1972198486328125,4.0,8.0,9,8
1,ood_mixed,495,4.046779155731201,4.0,5.0,9,8
1,ood_mixed,496,2.9999661445617676,3.0,3.0,7,6
1,ood_mixed,497,3.000227212905884,3.0,3.0,6,2
1,ood_mixed,498,2.99979829788208,3.0,3.0,7,2
1,ood_mixed,499,2.999825954437256,3.0,3.0,5,4
1,ood_mixed,500,2.9998481273651123,3.0,3.0,6,2
1,ood_mixed,501,4.165948867797852,4.0,12.0,9,8
1,ood_mixed,502,2.9999701976776123,3.0,3.0,8,2
1,ood_mixed,503,4.261101245880127,4.0,6.0,9,2
1,ood_mixed,504,4.083877086639404,4.0,7.0,9,8
1,ood_mixed,505,2.999838352203369,3.0,3.0,7,2
1,ood_mixed,506,2.9999451637268066,3.0,3.0,8,2
1,ood_mixed,507,4.008615016937256,4.0,2.0,9,8
1,ood_mixed,508,2.9997634887695312,3.0,3.0,7,2
1,ood_mixed,509,2.9999353885650635,3.0,3.0,5,4
1,ood_mixed,510,4.610116958618164,5.0,4.0,9,8
1,ood_mixed,511,2.9999008178710938,3.0,3.0,8,2
2,val,0,3.0007739067077637,3.0,3.0,6,2
2,val,1,3.004517078399658,3.0,3.0,7,6
2,val,2,5.007171630859375,5.0,5.0,9,8
2,val,3,3.0000925064086914,3.0,2.0,5,4
2,val,4,3.0004701614379883,3.0,3.0,5,4
2,val,5,4.695438861846924,5.0,2.0,9,2
2,val,6,3.0064897537231445,3.0,3.0,7,6
2,val,7,3.000216007232666,3.0,2.0,5,4
2,val,8,3.0049679279327393,3.0,3.0,7,6
2,val,9,4.939223766326904,5.0,2.0,9,8
2,val,10,5.0005106925964355,5.0,6.0,9,2
2,val,11,3.0000109672546387,3.0,2.0,8,2
2,val,12,3.0002784729003906,3.0,2.0,5,4
2,val,13,3.0003304481506348,3.0,3.0,6,2
2,val,14,3.0044336318969727,3.0,3.0,7,6
2,val,15,3.0000295639038086,3.0,2.0,6,2
2,val,16,3.000213146209717,3.0,2.0,7,6
2,val,17,3.0092148780822754,3.0,3.0,8,2
2,val,18,3.0016186237335205,3.0,3.0,5,4
2,val,19,3.0280914306640625,3.0,3.0,7,6
2,val,20,3.0066723823547363,3.0,3.0,7,6
2,val,21,3.000067949295044,3.0,2.0,8,2
2,val,22,3.0000805854797363,3.0,2.0,7,6
2,val,23,3.0000040531158447,3.0,2.0,8,2
2,val,24,5.443366527557373,5.0,10.0,9,8
2,val,25,5.002697944641113,5.0,5.0,9,8
2,val,26,3.000025987625122,3.0,2.0,7,6
2,val,27,4.597581386566162,5.0,11.0,9,8
2,val,28,3.0000314712524414,3.0,2.0,5,4
2,val,29,4.628393650054932,5.0,14.0,9,8
2,val,30,3.002291202545166,3.0,3.0,8,2
2,val,31,3.0006978511810303,3.0,3.0,7,6
2,val,32,3.000077962875366,3.0,2.0,7,2
2,val,33,4.894017219543457,5.0,2.0,9,2
2,val,34,3.000758647918701,3.0,3.0,5,4
2,val,35,4.994844913482666,5.0,4.0,9,8
2,val,36,5.002928733825684,5.0,4.0,9,2
2,val,37,3.012828826904297,3.0,3.0,7,6
2,val,38,3.004613161087036,3.0,3.0,8,2
2,val,39,3.0010976791381836,3.0,3.0,5,4
2,val,40,4.155490398406982,4.0,5.0,9,8
2,val,41,3.0000128746032715,3.0,2.0,7,6
2,val,42,3.0209169387817383,3.0,3.0,6,2
2,val,43,3.0001935958862305,3.0,3.0,5,4
2,val,44,3.0099287033081055,3.0,3.0,5,4
2,val,45,4.9990553855896,5.0,2.0,9,8
2,val,46,4.736547946929932,5.0,2.0,9,8
2,val,47,3.0118701457977295,3.0,3.0,8,2
2,val,48,3.0030407905578613,3.0,3.0,7,6
2,val,49,3.0005688667297363,3.0,3.0,7,6
2,val,50,5.043097019195557,5.0,9.0,9,2
2,val,51,3.0004520416259766,3.0,3.0,7,6
2,val,52,3.0007264614105225,3.0,3.0,7,6
2,val,53,3.005596160888672,3.0,2.0,5,4
2,val,54,3.00636625289917,3.0,3.0,6,2
2,val,55,4.657425403594971,5.0,2.0,9,8
2,val,56,3.00124454498291,3.0,3.0,7,6
2,val,57,3.0000195503234863,3.0,2.0,7,6
2,val,58,3.001657485961914,3.0,3.0,7,2
2,val,59,3.0108723640441895,3.0,3.0,7,6
2,val,60,3.0002102851867676,3.0,2.0,7,6
2,val,61,3.0001330375671387,3.0,2.0,8,2
2,val,62,3.0147666931152344,3.0,3.0,5,4
2,val,63,3.000004291534424,3.0,2.0,5,4
2,val,64,3.003255844116211,3.0,3.0,6,2
2,val,65,3.006338119506836,3.0,3.0,5,4
2,val,66,3.000070095062256,3.0,2.0,7,6
2,val,67,3.001939058303833,3.0,3.0,5,4
2,val,68,5.000545978546143,5.0,9.0,9,8
2,val,69,3.0091071128845215,3.0,3.0,5,4
2,val,70,3.0001816749572754,3.0,3.0,5,4
2,val,71,5.006083965301514,5.0,2.0,9,8
2,val,72,3.0819027423858643,3.0,3.0,7,6
2,val,73,3.0001795291900635,3.0,3.0,7,6
2,val,74,3.000422239303589,3.0,3.0,5,4
2,val,75,3.000572681427002,3.0,3.0,5,4
2,val,76,3.0025417804718018,3.0,3.0,8,2
2,val,77,3.0167055130004883,3.0,3.0,7,6
2,val,78,3.0061256885528564,3.0,3.0,5,4
2,val,79,4.949819564819336,5.0,5.0,9,8
2,val,80,3.000251054763794,3.0,3.0,5,4
2,val,81,3.0024540424346924,3.0,3.0,7,6
2,val,82,3.0096335411071777,3.0,3.0,7,6
2,val,83,4.512855529785156,5.0,4.0,9,2
2,val,84,3.000155210494995,3.0,3.0,8,2
2,val,85,3.000763416290283,3.0,3.0,5,4
2,val,86,3.000095844268799,3.0,2.0,5,4
2,val,87,3.0063540935516357,3.0,3.0,5,4
2,val,88,4.984958648681641,5.0,4.0,9,8
2,val,89,3.3634142875671387,3.0,3.0,7,2
2,val,90,3.000056266784668,3.0,2.0,5,4
2,val,91,4.949564456939697,5.0,16.0,9,8
2,val,92,3.0001275539398193,3.0,2.0,5,4
2,val,93,3.015615701675415,3.0,3.0,7,6
2,val,94,4.877624988555908,5.0,2.0,9,8
2,val,95,3.8813583850860596,4.0,3.0,6,2
2,val,96,5.007692813873291,5.0,3.0,9,8
2,val,97,3.0006165504455566,3.0,3.0,5,4
2,val,98,4.997878074645996,5.0,2.0,9,8
2,val,99,3.0000126361846924,3.0,2.0,5,2
2,val,100,3.0000009536743164,3.0,2.0,8,2
2,val,101,3.0000662803649902,3.0,2.0,7,6
2,val,102,3.0013427734375,3.0,3.0,7,6
2,val,103,3.0000064373016357,3.0,2.0,5,4
2,val,104,3.000802755355835,3.0,2.0,7,6
2,val,105,3.0004589557647705,3.0,3.0,5,4
2,val,106,3.0067451000213623,3.0,3.0,5,2
2,val,107,3.0004632472991943,3.0,3.0,7,6
2,val,108,3.0000314712524414,3.0,2.0,5,4
2,val,109,3.0008556842803955,3.0,3.0,5,4
2,val,110,3.0000038146972656,3.0,2.0,7,6
2,val,111,3.147871494293213,3.0,3.0,6,2
2,val,112,3.0025622844696045,3.0,3.0,5,4
2,val,113,3.0000414848327637,3.0,2.0,8,2
2,val,114,4.994125843048096,5.0,5.0,9,8
2,val,115,3.0008280277252197,3.0,3.0,7,6
2,val,116,3.003408193588257,3.0,3.0,7,6
2,val,117,3.0435142517089844,3.0,3.0,8,2
2,val,118,3.0003795623779297,3.0,2.0,5,4
2,val,119,3.0159666538238525,3.0,3.0,6,2
2,val,120,4.909539699554443,5.0,2.0,9,8
2,val,121,3.002457618713379,3.0,3.0,8,2
2,val,122,3.00602388381958,3.0,3.0,7,6
2,val,123,4.9709930419921875,5.0,3.0,9,8
2,val,124,3.0001156330108643,3.0,2.0,7,6
2,val,125,3.0000882148742676,3.0,2.0,8,2
2,val,126,3.0001213550567627,3.0,3.0,8,2
2,val,127,4.808483123779297,5.0,5.0,9,2
2,val,128,3.020134925842285,3.0,3.0,8,2
2,val,129,3.000213146209717,3.0,2.0,7,6
2,val,130,3.001347064971924,3.0,3.0,6,2
2,val,131,3.0585219860076904,3.0,3.0,7,6
2,val,132,5.007838249206543,5.0,10.0,9,2
2,val,133,3.00002384185791,3.0,2.0,7,6
2,val,134,3.00213623046875,3.0,3.0,5,4
2,val,135,3.000364065170288,3.0,3.0,5,4
2,val,136,3.001101016998291,3.0,3.0,7,2
2,val,137,3.008723735809326,3.0,3.0,7,6
2,val,138,3.000248908996582,3.0,2.0,5,4
2,val,139,4.991533279418945,5.0,8.0,9,2
2,val,140,3.000026226043701,3.0,2.0,7,2
2,val,141,3.003509521484375,3.0,3.0,5,4
2,val,142,5.012951374053955,5.0,4.0,9,8
2,val,143,4.914247512817383,5.0,4.0,9,2
2,val,144,3.0009074211120605,3.0,2.0,5,4
2,val,145,4.823099136352539,5.0,2.0,9,8
2,val,146,3.000931739807129,3.0,3.0,7,6
2,val,147,4.998645305633545,5.0,8.0,9,2
2,val,148,3.0010268688201904,3.0,3.0,5,4
2,val,149,3.056647300720215,3.0,3.0,7,6
2,val,150,3.0000600814819336,3.0,2.0,5,4
2,val,151,3.000028610229492,3.0,2.0,7,6
2,val,152,3.0011982917785645,3.0,3.0,7,6
2,val,153,3.8400654792785645,4.0,3.0,5,4
2,val,154,3.0282464027404785,3.0,3.0,5,4
2,val,155,5.039950370788574,5.0,2.0,9,8
2,val,156,3.00000262260437,3.0,2.0,5,4
2,val,157,4.757688999176025,5.0,14.0,9,8
2,val,158,3.010442018508911,3.0,3.0,5,4
2,val,159,3.0003063678741455,3.0,2.0,5,4
2,val,160,4.932432651519775,5.0,6.0,9,8
2,val,161,5.122228145599365,5.0,2.0,9,8
2,val,162,4.903775691986084,5.0,4.0,9,8
2,val,163,3.0000650882720947,3.0,2.0,5,4
2,val,164,3.0003907680511475,3.0,2.0,7,6
2,val,165,3.004802942276001,3.0,3.0,5,4
2,val,166,3.000009298324585,3.0,2.0,5,4
2,val,167,3.0000662803649902,3.0,2.0,5,4
2,val,168,3.008188247680664,3.0,3.0,7,6
2,val,169,3.000075101852417,3.0,2.0,7,6
2,val,170,4.993598937988281,5.0,4.0,9,2
2,val,171,3.001600980758667,3.0,3.0,7,6
2,val,172,4.992882251739502,5.0,5.0,9,2
2,val,173,3.0003371238708496,3.0,3.0,7,6
2,val,174,3.0001718997955322,3.0,3.0,7,6
2,val,175,4.9341721534729,5.0,4.0,9,8
2,val,176,3.0011844635009766,3.0,3.0,5,4
2,val,177,3.0005381107330322,3.0,3.0,5,4
2,val,178,3.000885009765625,3.0,3.0,5,4
2,val,179,5.004071235656738,5.0,4.0,9,8
2,val,180,3.0000545978546143,3.0,2.0,5,4
2,val,181,4.993043899536133,5.0,10.0,9,8
2,val,182,4.993941783905029,5.0,5.0,9,2
2,val,183,3.0000832080841064,3.0,2.0,6,2
2,val,184,3.0279653072357178,3.0,3.0,7,2
2,val,185,5.015793800354004,5.0,9.0,9,8
2,val,186,3.0569639205932617,3.0,3.0,5,4
2,val,187,4.764749526977539,5.0,2.0,9,8
2,val,188,3.0001468658447266,3.0,2.0,7,6
2,val,189,3.000094413757324,3.0,2.0,5,4
2,val,190,3.0001800060272217,3.0,2.0,5,4
2,val,191,4.902380466461182,5.0,2.0,9,8
2,val,192,3.004502534866333,3.0,3.0,5,4
2,val,193,4.963253021240234,5.0,2.0,9,8
2,val,194,3.0485739707946777,3.0,3.0,5,4
2,val,195,3.0941555500030518,3.0,3.0,7,6
2,val,196,3.0002002716064453,3.0,2.0,7,6
2,val,197,3.009000778198242,3.0,3.0,5,4
2,val,198,3.002608299255371,3.0,3.0,5,4
2,val,199,4.381103992462158,4.0,14.0,9,8
2,val,200,3.0067410469055176,3.0,3.0,5,4
2,val,201,3.000284433364868,3.0,2.0,5,4
2,val,202,3.000018358230591,3.0,2.0,5,4
2,val,203,3.0001742839813232,3.0,2.0,7,6
2,val,204,3.006436824798584,3.0,3.0,7,6
2,val,205,5.009494304656982,5.0,2.0,9,8
2,val,206,3.000924587249756,3.0,3.0,7,6
2,val,207,4.966328144073486,5.0,5.0,9,2
2,val,208,4.987483501434326,5.0,4.0,9,2
2,val,209,4.953837871551514,5.0,14.0,9,8
2,val,210,4.965352535247803,5.0,13.0,9,8
2,val,211,3.000032901763916,3.0,2.0,6,2
2,val,212,4.987881183624268,5.0,5.0,9,8
2,val,213,4.8320817947387695,5.0,2.0,9,8
2,val,214,3.0054471492767334,3.0,3.0,7,6
2,val,215,3.00050950050354,3.0,3.0,5,4
2,val,216,3.0113539695739746,3.0,3.0,7,6
2,val,217,4.998253345489502,5.0,6.0,9,8
2,val,218,3.005981683731079,3.0,3.0,5,4
2,val,219,4.695594310760498,5.0,2.0,9,2
2,val,220,5.254144191741943,5.0,2.0,9,8
2,val,221,3.0141353607177734,3.0,3.0,5,4
2,val,222,3.000457286834717,3.0,3.0,7,6
2,val,223,4.9505720138549805,5.0,6.0,9,8
2,val,224,3.0018439292907715,3.0,2.0,7,2
2,val,225,3.339468002319336,3.0,3.0,7,6
2,val,226,3.0002281665802,3.0,3.0,8,2
2,val,227,3.0003340244293213,3.0,3.0,7,6
2,val,228,3.001246929168701,3.0,3.0,5,4
2,val,229,3.0000503063201904,3.0,2.0,7,2
2,val,230,3.002108573913574,3.0,3.0,8,2
2,val,231,3.0011017322540283,3.0,3.0,7,6
2,val,232,5.01017951965332,5.0,2.0,9,8
2,val,233,4.99263334274292,5.0,2.0,9,8
2,val,234,4.997391223907471,5.0,2.0,9,8
2,val,235,5.57473087310791,6.0,2.0,9,8
2,val,236,3.0010688304901123,3.0,3.0,7,6
2,val,237,4.720655918121338,5.0,14.0,9,8
2,val,238,3.0006420612335205,3.0,2.0,7,2
2,val,239,3.019606351852417,3.0,3.0,7,6
2,val,240,3.0044708251953125,3.0,3.0,8,2
2,val,241,3.000035047531128,3.0,2.0,5,4
2,val,242,3.433621883392334,3.0,3.0,5,4
2,val,243,5.007766246795654,5.0,5.0,9,8
2,val,244,3.000196695327759,3.0,2.0,5,4
2,val,245,3.0003650188446045,3.0,3.0,5,4
2,val,246,3.00148344039917,3.0,3.0,7,6
2,val,247,3.0004920959472656,3.0,2.0,5,4
2,val,248,3.6794497966766357,4.0,3.0,5,4
2,val,249,3.0501155853271484,3.0,3.0,7,6
2,val,250,3.0231986045837402,3.0,3.0,5,4
2,val,251,4.926543712615967,5.0,2.0,9,8
2,val,252,4.99595308303833,5.0,5.0,9,8
2,val,253,4.994077205657959,5.0,5.0,9,2
2,val,254,5.0069427490234375,5.0,4.0,9,8
2,val,255,3.0005812644958496,3.0,3.0,7,6
2,val,256,3.0509815216064453,3.0,3.0,5,4
2,val,257,3.0000648498535156,3.0,2.0,7,6
2,val,258,3.0005993843078613,3.0,2.0,7,6
2,val,259,3.192619800567627,3.0,3.0,5,4
2,val,260,3.000131368637085,3.0,3.0,7,6
2,val,261,3.0006232261657715,3.0,3.0,5,4
2,val,262,3.0009469985961914,3.0,2.0,8,2
2,val,263,4.993870735168457,5.0,4.0,9,8
2,val,264,3.092564582824707,3.0,3.0,5,4
2,val,265,5.037843227386475,5.0,5.0,9,8
2,val,266,3.000624656677246,3.0,3.0,7,6
2,val,267,3.000959873199463,3.0,2.0,5,4
2,val,268,4.944425582885742,5.0,16.0,9,8
2,val,269,3.000049591064453,3.0,2.0,5,4
2,val,270,3.0003864765167236,3.0,2.0,5,4
2,val,271,3.0000391006469727,3.0,2.0,7,6
2,val,272,3.000762939453125,3.0,3.0,5,4
2,val,273,3.000105857849121,3.0,2.0,5,4
2,val,274,5.022056579589844,5.0,12.0,9,8
2,val,275,3.0001769065856934,3.0,2.0,7,6
2,val,276,4.951423645019531,5.0,4.0,9,2
2,val,277,3.000054121017456,3.0,2.0,5,4
2,val,278,3.000828266143799,3.0,3.0,5,4
2,val,279,3.001255750656128,3.0,3.0,7,6
2,val,280,3.004150390625,3.0,3.0,6,2
2,val,281,3.056459903717041,3.0,3.0,5,4
2,val,282,5.027367115020752,5.0,5.0,9,8
2,val,283,4.360998153686523,4.0,6.0,9,8
2,val,284,3.1348226070404053,3.0,3.0,7,6
2,val,285,4.97115421295166,5.0,2.0,9,2
2,val,286,5.02418327331543,5.0,2.0,9,8
2,val,287,3.0000498294830322,3.0,2.0,5,4
2,val,288,4.756702899932861,5.0,2.0,9,2
2,val,289,5.007645606994629,5.0,4.0,9,8
2,val,290,3.0005335807800293,3.0,3.0,8,2
2,val,291,3.0014243125915527,3.0,3.0,5,4
2,val,292,3.0000498294830322,3.0,2.0,5,4
2,val,293,3.006725788116455,3.0,3.0,8,2
2,val,294,4.988408088684082,5.0,2.0,9,8
2,val,295,4.995343208312988,5.0,2.0,9,8
2,val,296,3.001026153564453,3.0,3.0,7,6
2,val,297,3.0002148151397705,3.0,3.0,7,6
2,val,298,3.0114808082580566,3.0,3.0,5,4
2,val,299,3.0005030632019043,3.0,3.0,5,2
2,val,300,3.000001907348633,3.0,2.0,5,4
2,val,301,3.000023365020752,3.0,2.0,7,6
2,val,302,3.000328540802002,3.0,2.0,7,6
2,val,303,3.000114679336548,3.0,2.0,7,2
2,val,304,3.005232572555542,3.0,3.0,7,2
2,val,305,3.02532958984375,3.0,3.0,5,2
2,val,306,3.000012159347534,3.0,2.0,5,4
2,val,307,4.998201370239258,5.0,5.0,9,2
2,val,308,3.0025861263275146,3.0,3.0,7,6
2,val,309,5.031943321228027,5.0,13.0,9,8
2,val,310,4.947432518005371,5.0,2.0,9,8
2,val,311,3.000687599182129,3.0,3.0,5,4
2,val,312,4.978705883026123,5.0,2.0,9,8
2,val,313,4.995774745941162,5.0,4.0,9,2
2,val,314,3.342374563217163,3.0,3.0,8,2
2,val,315,4.992061614990234,5.0,2.0,9,8
2,val,316,5.185672283172607,5.0,14.0,9,8
2,val,317,3.001387119293213,3.0,3.0,7,2
2,val,318,3.0000157356262207,3.0,2.0,6,2
2,val,319,5.050108909606934,5.0,3.0,9,8
2,val,320,3.0001184940338135,3.0,2.0,6,2
2,val,321,3.0001707077026367,3.0,2.0,8,2
2,val,322,3.0001180171966553,3.0,3.0,7,6
2,val,323,3.0002939701080322,3.0,3.0,6,2
2,val,324,3.0010597705841064,3.0,2.0,5,4
2,val,325,4.9476423263549805,5.0,9.0,9,8
2,val,326,3.0000228881835938,3.0,2.0,7,6
2,val,327,3.0002329349517822,3.0,2.0,7,6
2,val,328,4.800723075866699,5.0,16.0,9,8
2,val,329,4.997988700866699,5.0,2.0,9,8
2,val,330,4.973331928253174,5.0,7.0,9,8
2,val,331,3.0089030265808105,3.0,3.0,8,2
2,val,332,3.000593662261963,3.0,2.0,7,6
2,val,333,5.001170635223389,5.0,6.0,9,2
2,val,334,3.000075578689575,3.0,2.0,5,4
2,val,335,3.002105236053467,3.0,3.0,6,2
2,val,336,3.000326156616211,3.0,3.0,5,4
2,val,337,3.311408281326294,3.0,3.0,7,6
2,val,338,3.0006890296936035,3.0,3.0,7,6
2,val,339,3.0000123977661133,3.0,2.0,7,6
2,val,340,3.0001726150512695,3.0,2.0,6,2
2,val,341,4.934525489807129,5.0,7.0,9,8
2,val,342,4.91525411605835,5.0,2.0,9,2
2,val,343,3.00018310546875,3.0,2.0,6,2
2,val,344,4.77608585357666,5.0,2.0,9,8
2,val,345,4.616833209991455,5.0,12.0,9,8
2,val,346,3.0001320838928223,3.0,2.0,5,4
2,val,347,5.003237724304199,5.0,2.0,9,8
2,val,348,3.0001018047332764,3.0,2.0,5,4
2,val,349,5.019690036773682,5.0,2.0,9,8
2,val,350,4.9889936447143555,5.0,9.0,9,8
2,val,351,4.95946741104126,5.0,4.0,9,8
2,val,352,5.050186634063721,5.0,7.0,9,8
2,val,353,5.014570713043213,5.0,5.0,9,2
2,val,354,5.005891799926758,5.0,2.0,9,8
2,val,355,4.991452693939209,5.0,5.0,9,2
2,val,356,3.000322103500366,3.0,3.0,6,2
2,val,357,3.0000159740448,3.0,2.0,5,4
2,val,358,5.063766002655029,5.0,2.0,9,8
2,val,359,4.345104694366455,4.0,2.0,9,2
2,val,360,4.5241899490356445,5.0,2.0,9,8
2,val,361,3.9540672302246094,4.0,3.0,7,6
2,val,362,3.2569220066070557,3.0,3.0,7,6
2,val,363,3.0230064392089844,3.0,3.0,7,6
2,val,364,3.0109522342681885,3.0,3.0,5,2
2,val,365,3.0000011920928955,3.0,2.0,6,2
2,val,366,3.00921630859375,3.0,3.0,7,6
2,val,367,4.9726996421813965,5.0,5.0,9,8
2,val,368,3.0006637573242188,3.0,3.0,7,6
2,val,369,5.024961948394775,5.0,2.0,9,8
2,val,370,4.121204853057861,4.0,3.0,9,2
2,val,371,3.0001220703125,3.0,2.0,5,4
2,val,372,5.00989294052124,5.0,5.0,9,8
2,val,373,3.0027008056640625,3.0,3.0,8,2
2,val,374,4.978227615356445,5.0,16.0,9,8
2,val,375,3.0001044273376465,3.0,3.0,5,4
2,val,376,5.013787269592285,5.0,16.0,9,8
2,val,377,3.0012195110321045,3.0,3.0,7,6
2,val,378,3.9394781589508057,4.0,3.0,7,6
2,val,379,3.005735158920288,3.0,3.0,7,6
2,val,380,3.000539779663086,3.0,3.0,5,4
2,val,381,3.0051193237304688,3.0,3.0,7,6
2,val,382,3.000062942504883,3.0,2.0,7,6
2,val,383,4.962228298187256,5.0,2.0,9,8
2,val,384,3.0001137256622314,3.0,2.0,5,4
2,val,385,3.007230281829834,3.0,3.0,5,4
2,val,386,3.0017471313476562,3.0,2.0,7,6
2,val,387,3.015683650970459,3.0,3.0,5,4
2,val,388,3.0015690326690674,3.0,3.0,7,6
2,val,389,3.0010478496551514,3.0,3.0,7,6
2,val,390,5.004498481750488,5.0,2.0,9,8
2,val,391,3.0005042552948,3.0,3.0,5,2
2,val,392,3.0000085830688477,3.0,2.0,7,6
2,val,393,5.014737606048584,5.0,3.0,9,8
2,val,394,3.0005929470062256,3.0,3.0,7,2
2,val,395,4.861545562744141,5.0,3.0,9,8
2,val,396,5.005721569061279,5.0,10.0,9,8
2,val,397,3.0064268112182617,3.0,3.0,7,6
2,val,398,3.000485420227051,3.0,3.0,7,2
2,val,399,3.0520262718200684,3.0,3.0,5,4
2,val,400,3.1010069847106934,3.0,3.0,7,6
2,val,401,3.000159978866577,3.0,3.0,5,4
2,val,402,3.0000150203704834,3.0,2.0,5,4
2,val,403,3.000027656555176,3.0,2.0,6,2
2,val,404,5.111405372619629,5.0,2.0,9,8
2,val,405,3.0000386238098145,3.0,2.0,7,6
2,val,406,3.0000011920928955,3.0,2.0,5,4
2,val,407,5.009092807769775,5.0,8.0,9,8
2,val,408,3.0001699924468994,3.0,3.0,8,2
2,val,409,4.8739333152771,5.0,4.0,9,2
2,val,410,4.948383331298828,5.0,2.0,9,8
2,val,411,3.000426769256592,3.0,3.0,6,2
2,val,412,5.005897045135498,5.0,2.0,9,8
2,val,413,3.000075340270996,3.0,2.0,5,4
2,val,414,3.0014851093292236,3.0,3.0,5,4
2,val,415,4.985634803771973,5.0,13.0,9,8
2,val,416,3.0228381156921387,3.0,3.0,5,4
2,val,417,3.000107526779175,3.0,2.0,5,4
2,val,418,3.00002384185791,3.0,2.0,8,2
2,val,419,3.0000038146972656,3.0,2.0,6,2
2,val,420,3.004074811935425,3.0,3.0,5,4
2,val,421,3.0006089210510254,3.0,3.0,7,6
2,val,422,3.0000078678131104,3.0,2.0,7,6
2,val,423,5.0031418800354,5.0,4.0,9,2
2,val,424,5.008747577667236,5.0,2.0,9,8
2,val,425,3.0004374980926514,3.0,3.0,5,4
2,val,426,3.0002079010009766,3.0,3.0,7,6
2,val,427,3.0437376499176025,3.0,3.0,7,6
2,val,428,5.005552768707275,5.0,5.0,9,2
2,val,429,4.994621753692627,5.0,8.0,9,8
2,val,430,3.000394344329834,3.0,3.0,7,6
2,val,431,3.0005433559417725,3.0,3.0,8,2
2,val,432,4.55136775970459,5.0,5.0,9,8
2,val,433,3.029815673828125,3.0,3.0,5,4
2,val,434,3.1264007091522217,3.0,3.0,8,2
2,val,435,5.031505584716797,5.0,6.0,9,8
2,val,436,3.000441074371338,3.0,3.0,5,4
2,val,437,3.0006840229034424,3.0,3.0,8,2
2,val,438,5.018765926361084,5.0,9.0,9,8
2,val,439,3.003392219543457,3.0,2.0,7,6
2,val,440,4.960540771484375,5.0,5.0,9,8
2,val,441,4.919857025146484,5.0,4.0,9,8
2,val,442,3.000227689743042,3.0,2.0,6,2
2,val,443,3.1645588874816895,3.0,3.0,5,4
2,val,444,3.0000627040863037,3.0,2.0,7,6
2,val,445,5.001293659210205,5.0,4.0,9,2
2,val,446,5.007309436798096,5.0,2.0,9,8
2,val,447,5.003753185272217,5.0,8.0,9,8
2,val,448,3.001033306121826,3.0,3.0,5,4
2,val,449,3.0000784397125244,3.0,2.0,7,6
2,val,450,3.0001935958862305,3.0,2.0,5,4
2,val,451,3.0000219345092773,3.0,2.0,7,6
2,val,452,3.001359701156616,3.0,3.0,7,6
2,val,453,4.852812767028809,5.0,6.0,9,8
2,val,454,3.003626823425293,3.0,3.0,5,4
2,val,455,3.000365734100342,3.0,3.0,7,6
2,val,456,3.2429885864257812,3.0,3.0,5,4
2,val,457,3.0017809867858887,3.0,3.0,7,2
2,val,458,3.0011444091796875,3.0,3.0,7,6
2,val,459,3.000709056854248,3.0,3.0,8,2
2,val,460,4.790251731872559,5.0,2.0,9,8
2,val,461,3.0012340545654297,3.0,3.0,7,2
2,val,462,4.784155368804932,5.0,13.0,9,8
2,val,463,5.011015892028809,5.0,3.0,9,8
2,val,464,3.0009193420410156,3.0,3.0,8,2
2,val,465,3.000502586364746,3.0,3.0,7,6
2,val,466,3.9901204109191895,4.0,3.0,5,4
2,val,467,3.015869379043579,3.0,3.0,5,4
2,val,468,3.0021920204162598,3.0,3.0,5,4
2,val,469,3.0011160373687744,3.0,3.0,7,6
2,val,470,5.1548590660095215,5.0,2.0,9,8
2,val,471,4.956382751464844,5.0,2.0,9,8
2,val,472,3.000018835067749,3.0,2.0,5,4
2,val,473,3.001009702682495,3.0,3.0,7,6
2,val,474,4.932329177856445,5.0,2.0,9,2
2,val,475,4.678033828735352,5.0,4.0,9,8
2,val,476,4.875494480133057,5.0,2.0,9,8
2,val,477,3.0000100135803223,3.0,2.0,8,2
2,val,478,3.000068187713623,3.0,2.0,7,6
2,val,479,3.001588821411133,3.0,3.0,5,4
2,val,480,5.017568588256836,5.0,2.0,9,8
2,val,481,3.8116302490234375,4.0,3.0,7,6
2,val,482,3.921280860900879,4.0,3.0,8,2
2,val,483,3.0000834465026855,3.0,2.0,7,6
2,val,484,3.0000436305999756,3.0,2.0,7,6
2,val,485,4.574678421020508,5.0,2.0,9,8
2,val,486,3.00002384185791,3.0,2.0,5,4
2,val,487,4.91620397567749,5.0,14.0,9,8
2,val,488,3.000549554824829,3.0,3.0,5,4
2,val,489,5.008444786071777,5.0,5.0,9,2
2,val,490,3.987095355987549,4.0,3.0,7,6
2,val,491,4.988757133483887,5.0,8.0,9,2
2,val,492,4.89890718460083,5.0,4.0,9,8
2,val,493,5.004436492919922,5.0,16.0,9,8
2,val,494,3.0000836849212646,3.0,2.0,5,4
2,val,495,4.939652442932129,5.0,2.0,9,8
2,val,496,4.98243522644043,5.0,15.0,9,8
2,val,497,4.737148761749268,5.0,4.0,9,2
2,val,498,5.177315711975098,5.0,6.0,9,2
2,val,499,3.0000877380371094,3.0,2.0,6,2
2,val,500,4.986815929412842,5.0,6.0,9,2
2,val,501,4.928740501403809,5.0,5.0,9,2
2,val,502,3.001708745956421,3.0,3.0,5,4
2,val,503,3.0046348571777344,3.0,3.0,7,6
2,val,504,3.000002384185791,3.0,2.0,7,2
2,val,505,3.0072193145751953,3.0,3.0,5,4
2,val,506,5.000669479370117,5.0,11.0,9,8
2,val,507,3.0011472702026367,3.0,3.0,5,4
2,val,508,3.0006890296936035,3.0,3.0,7,6
2,val,509,4.994190692901611,5.0,5.0,9,8
2,val,510,3.000244379043579,3.0,3.0,7,6
2,val,511,3.030190944671631,3.0,2.0,7,6
2,ood_mixed,0,3.0007150173187256,3.0,3.0,7,6
2,ood_mixed,1,5.08003568649292,5.0,2.0,9,8
2,ood_mixed,2,3.0035204887390137,3.0,3.0,7,6
2,ood_mixed,3,3.0013787746429443,3.0,3.0,7,2
2,ood_mixed,4,3.0057075023651123,3.0,3.0,5,4
2,ood_mixed,5,4.166219234466553,4.0,2.0,9,2
2,ood_mixed,6,4.944810390472412,5.0,7.0,9,2
2,ood_mixed,7,3.0031018257141113,3.0,3.0,7,6
2,ood_mixed,8,3.0001890659332275,3.0,3.0,7,6
2,ood_mixed,9,3.000401496887207,3.0,3.0,8,2
2,ood_mixed,10,3.0001888275146484,3.0,2.0,7,2
2,ood_mixed,11,3.001371145248413,3.0,3.0,5,4
2,ood_mixed,12,3.0000243186950684,3.0,2.0,5,4
2,ood_mixed,13,3.412090301513672,3.0,3.0,5,4
2,ood_mixed,14,3.0000059604644775,3.0,2.0,5,4
2,ood_mixed,15,3.0042896270751953,3.0,3.0,7,6
2,ood_mixed,16,4.943392753601074,5.0,11.0,9,8
2,ood_mixed,17,3.000040292739868,3.0,2.0,5,4
2,ood_mixed,18,3.0442752838134766,3.0,3.0,8,2
2,ood_mixed,19,3.0002708435058594,3.0,3.0,5,4
2,ood_mixed,20,4.979005336761475,5.0,7.0,9,8
2,ood_mixed,21,3.9935708045959473,4.0,3.0,8,2
2,ood_mixed,22,3.001173734664917,3.0,2.0,5,4
2,ood_mixed,23,3.000699043273926,3.0,3.0,5,4
2,ood_mixed,24,3.0000317096710205,3.0,2.0,8,2
2,ood_mixed,25,3.007892608642578,3.0,3.0,6,2
2,ood_mixed,26,3.0000498294830322,3.0,2.0,7,6
2,ood_mixed,27,3.0003132820129395,3.0,2.0,5,4
2,ood_mixed,28,5.051305294036865,5.0,2.0,9,8
2,ood_mixed,29,3.000013828277588,3.0,2.0,7,6
2,ood_mixed,30,3.0001349449157715,3.0,3.0,7,6
2,ood_mixed,31,3.101522207260132,3.0,3.0,7,6
2,ood_mixed,32,3.0320146083831787,3.0,3.0,7,6
2,ood_mixed,33,3.549776554107666,4.0,3.0,8,2
2,ood_mixed,34,3.0018422603607178,3.0,3.0,7,2
2,ood_mixed,35,3.001055955886841,3.0,3.0,5,4
2,ood_mixed,36,5.024734973907471,5.0,3.0,9,8
2,ood_mixed,37,3.0003862380981445,3.0,3.0,7,6
2,ood_mixed,38,3.000779151916504,3.0,3.0,7,6
2,ood_mixed,39,3.0039072036743164,3.0,3.0,7,6
2,ood_mixed,40,3.0247371196746826,3.0,3.0,7,6
2,ood_mixed,41,4.158669948577881,4.0,4.0,9,2
2,ood_mixed,42,3.001086950302124,3.0,3.0,8,2
2,ood_mixed,43,3.030229330062866,3.0,3.0,5,4
2,ood_mixed,44,3.001028060913086,3.0,3.0,8,2
2,ood_mixed,45,3.0015599727630615,3.0,3.0,8,2
2,ood_mixed,46,3.000047445297241,3.0,2.0,7,6
2,ood_mixed,47,3.0009260177612305,3.0,3.0,5,4
2,ood_mixed,48,4.991123199462891,5.0,5.0,9,2
2,ood_mixed,49,3.000066041946411,3.0,3.0,5,4
2,ood_mixed,50,3.000023126602173,3.0,2.0,5,4
2,ood_mixed,51,3.120323657989502,3.0,3.0,6,2
2,ood_mixed,52,5.006072521209717,5.0,5.0,9,2
2,ood_mixed,53,3.0000967979431152,3.0,2.0,7,6
2,ood_mixed,54,3.00144100189209,3.0,2.0,7,6
2,ood_mixed,55,4.694399833679199,5.0,6.0,9,8
2,ood_mixed,56,3.0000083446502686,3.0,2.0,7,6
2,ood_mixed,57,3.016770601272583,3.0,3.0,6,2
2,ood_mixed,58,3.2677528858184814,3.0,3.0,5,4
2,ood_mixed,59,3.0000569820404053,3.0,2.0,5,4
2,ood_mixed,60,5.003514289855957,5.0,13.0,9,8
2,ood_mixed,61,3.013721227645874,3.0,3.0,7,6
2,ood_mixed,62,3.0000550746917725,3.0,2.0,5,4
2,ood_mixed,63,5.01528263092041,5.0,2.0,9,8
2,ood_mixed,64,3.183410167694092,3.0,3.0,5,4
2,ood_mixed,65,3.0014126300811768,3.0,3.0,7,2
2,ood_mixed,66,3.00001859664917,3.0,2.0,7,6
2,ood_mixed,67,3.0004937648773193,3.0,3.0,5,4
2,ood_mixed,68,3.0012941360473633,3.0,3.0,8,2
2,ood_mixed,69,4.977996826171875,5.0,6.0,9,8
2,ood_mixed,70,3.000109910964966,3.0,2.0,7,6
2,ood_mixed,71,3.161865472793579,3.0,3.0,7,6
2,ood_mixed,72,3.0007455348968506,3.0,3.0,5,4
2,ood_mixed,73,4.718651294708252,5.0,12.0,9,8
2,ood_mixed,74,3.0000171661376953,3.0,2.0,7,6
2,ood_mixed,75,3.0325522422790527,3.0,3.0,6,2
2,ood_mixed,76,3.0002450942993164,3.0,3.0,5,4
2,ood_mixed,77,3.000001907348633,3.0,2.0,7,6
2,ood_mixed,78,3.0437164306640625,3.0,3.0,7,6
2,ood_mixed,79,3.0002644062042236,3.0,3.0,7,6
2,ood_mixed,80,3.0000996589660645,3.0,2.0,7,6
2,ood_mixed,81,4.506200313568115,5.0,4.0,9,8
2,ood_mixed,82,3.0000669956207275,3.0,2.0,7,2
2,ood_mixed,83,3.011706829071045,3.0,3.0,5,4
2,ood_mixed,84,3.0082778930664062,3.0,3.0,7,6
2,ood_mixed,85,3.006537914276123,3.0,3.0,7,6
2,ood_mixed,86,4.87835168838501,5.0,5.0,9,2
2,ood_mixed,87,4.686485767364502,5.0,2.0,9,8
2,ood_mixed,88,4.978626728057861,5.0,4.0,9,8
2,ood_mixed,89,3.0000224113464355,3.0,2.0,7,6
2,ood_mixed,90,3.000256061553955,3.0,2.0,5,4
2,ood_mixed,91,3.024812698364258,3.0,3.0,7,6
2,ood_mixed,92,3.0341362953186035,3.0,3.0,5,4
2,ood_mixed,93,3.564927101135254,4.0,3.0,5,4
2,ood_mixed,94,3.000734567642212,3.0,3.0,7,6
2,ood_mixed,95,4.446342468261719,4.0,2.0,9,8
2,ood_mixed,96,3.000098705291748,3.0,2.0,6,2
2,ood_mixed,97,3.0000290870666504,3.0,2.0,5,4
2,ood_mixed,98,5.737669944763184,6.0,5.0,9,8
2,ood_mixed,99,3.0186705589294434,3.0,3.0,7,6
2,ood_mixed,100,3.000080108642578,3.0,2.0,7,2
2,ood_mixed,101,3.0002334117889404,3.0,3.0,7,6
2,ood_mixed,102,3.291968822479248,3.0,3.0,7,6
2,ood_mixed,103,3.056582450866699,3.0,3.0,5,4
2,ood_mixed,104,3.0000836849212646,3.0,2.0,5,4
2,ood_mixed,105,3.0053210258483887,3.0,3.0,5,4
2,ood_mixed,106,3.000969171524048,3.0,3.0,5,4
2,ood_mixed,107,3.1596577167510986,3.0,3.0,8,2
2,ood_mixed,108,3.0067591667175293,3.0,3.0,5,4
2,ood_mixed,109,3.0004050731658936,3.0,3.0,7,6
2,ood_mixed,110,5.074563503265381,5.0,5.0,9,8
2,ood_mixed,111,3.0084948539733887,3.0,3.0,7,6
2,ood_mixed,112,3.0000123977661133,3.0,2.0,7,6
2,ood_mixed,113,4.995459079742432,5.0,11.0,9,8
2,ood_mixed,114,5.150691986083984,5.0,2.0,9,8
2,ood_mixed,115,5.088791847229004,5.0,2.0,9,2
2,ood_mixed,116,3.0001611709594727,3.0,3.0,6,2
2,ood_mixed,117,3.000176191329956,3.0,2.0,7,6
2,ood_mixed,118,3.034388303756714,3.0,3.0,7,6
2,ood_mixed,119,3.0033771991729736,3.0,3.0,7,6
2,ood_mixed,120,3.000267267227173,3.0,3.0,7,6
2,ood_mixed,121,3.0001211166381836,3.0,2.0,7,6
2,ood_mixed,122,3.000478982925415,3.0,3.0,7,6
2,ood_mixed,123,3.000375270843506,3.0,2.0,7,2
2,ood_mixed,124,3.000002145767212,3.0,2.0,7,6
2,ood_mixed,125,3.0061559677124023,3.0,3.0,5,4
2,ood_mixed,126,3.0443198680877686,3.0,3.0,5,4
2,ood_mixed,127,3.000174045562744,3.0,2.0,5,4
2,ood_mixed,128,3.00018572807312,3.0,2.0,5,4
2,ood_mixed,129,3.000004768371582,3.0,2.0,5,4
2,ood_mixed,130,4.719242095947266,5.0,2.0,9,8
2,ood_mixed,131,3.0020885467529297,3.0,3.0,5,4
2,ood_mixed,132,4.973202228546143,5.0,5.0,9,8
2,ood_mixed,133,4.9976582527160645,5.0,16.0,9,8
2,ood_mixed,134,3.0007877349853516,3.0,3.0,8,2
2,ood_mixed,135,4.467441558837891,4.0,2.0,9,8
2,ood_mixed,136,3.001481056213379,3.0,3.0,5,4
2,ood_mixed,137,3.0007638931274414,3.0,3.0,7,6
2,ood_mixed,138,4.999210357666016,5.0,4.0,9,2
2,ood_mixed,139,4.953841209411621,5.0,13.0,9,8
2,ood_mixed,140,3.000110626220703,3.0,2.0,7,6
2,ood_mixed,141,3.001751184463501,3.0,2.0,7,6
2,ood_mixed,142,3.0394933223724365,3.0,3.0,5,2
2,ood_mixed,143,5.0021586418151855,5.0,5.0,9,8
2,ood_mixed,144,3.0001378059387207,3.0,3.0,7,6
2,ood_mixed,145,3.0013811588287354,3.0,3.0,5,4
2,ood_mixed,146,3.0004897117614746,3.0,3.0,7,6
2,ood_mixed,147,4.614882469177246,5.0,4.0,9,2
2,ood_mixed,148,3.000107765197754,3.0,2.0,7,6
2,ood_mixed,149,4.988647937774658,5.0,2.0,9,8
2,ood_mixed,150,3.0000252723693848,3.0,2.0,5,4
2,ood_mixed,151,4.460117340087891,4.0,2.0,9,8
2,ood_mixed,152,5.006038188934326,5.0,4.0,9,8
2,ood_mixed,153,3.0004024505615234,3.0,2.0,7,6
2,ood_mixed,154,3.0001060962677,3.0,3.0,5,4
2,ood_mixed,155,5.01699686050415,5.0,4.0,9,8
2,ood_mixed,156,3.00026273727417,3.0,2.0,7,6
2,ood_mixed,157,3.000501871109009,3.0,3.0,5,4
2,ood_mixed,158,3.0000524520874023,3.0,2.0,7,6
2,ood_mixed,159,5.001805305480957,5.0,2.0,9,8
2,ood_mixed,160,3.0829882621765137,3.0,3.0,5,4
2,ood_mixed,161,4.903583526611328,5.0,4.0,9,8
2,ood_mixed,162,4.999678134918213,5.0,5.0,9,2
2,ood_mixed,163,4.984553337097168,5.0,5.0,9,8
2,ood_mixed,164,3.009430408477783,3.0,3.0,5,4
2,ood_mixed,165,3.000016689300537,3.0,2.0,7,6
2,ood_mixed,166,3.003499984741211,3.0,3.0,5,2
2,ood_mixed,167,3.0000081062316895,3.0,2.0,7,6
2,ood_mixed,168,4.999690055847168,5.0,5.0,9,8
2,ood_mixed,169,3.000098705291748,3.0,2.0,6,2
2,ood_mixed,170,3.0424044132232666,3.0,3.0,7,6
2,ood_mixed,171,3.0000364780426025,3.0,2.0,5,4
2,ood_mixed,172,5.008124351501465,5.0,2.0,9,2
2,ood_mixed,173,3.036618232727051,3.0,3.0,7,6
2,ood_mixed,174,3.004999876022339,3.0,2.0,7,6
2,ood_mixed,175,3.4232122898101807,3.0,3.0,5,4
2,ood_mixed,176,5.052195072174072,5.0,9.0,9,8
2,ood_mixed,177,4.915351390838623,5.0,5.0,9,2
2,ood_mixed,178,3.0001800060272217,3.0,2.0,5,4
2,ood_mixed,179,3.0011510848999023,3.0,3.0,5,4
2,ood_mixed,180,3.0000219345092773,3.0,2.0,5,4
2,ood_mixed,181,3.0076136589050293,3.0,3.0,7,6
2,ood_mixed,182,3.000110387802124,3.0,3.0,8,2
2,ood_mixed,183,4.258012294769287,4.0,4.0,9,2
2,ood_mixed,184,3.000551462173462,3.0,2.0,5,4
2,ood_mixed,185,3.056004285812378,3.0,3.0,7,6
2,ood_mixed,186,3.0027661323547363,3.0,3.0,8,2
2,ood_mixed,187,3.001070499420166,3.0,3.0,7,6
2,ood_mixed,188,3.0075764656066895,3.0,3.0,5,4
2,ood_mixed,189,3.0004022121429443,3.0,3.0,7,6
2,ood_mixed,190,5.280527114868164,5.0,2.0,9,8
2,ood_mixed,191,4.912220001220703,5.0,4.0,9,8
2,ood_mixed,192,4.675954341888428,5.0,5.0,9,8
2,ood_mixed,193,3.0001728534698486,3.0,3.0,7,6
2,ood_mixed,194,3.001948833465576,3.0,3.0,7,6
2,ood_mixed,195,3.0002198219299316,3.0,3.0,7,6
2,ood_mixed,196,5.287377834320068,5.0,5.0,9,8
2,ood_mixed,197,3.0000438690185547,3.0,2.0,5,4
2,ood_mixed,198,3.001708745956421,3.0,2.0,7,6
2,ood_mixed,199,3.011493444442749,3.0,3.0,7,6
2,ood_mixed,200,4.753419876098633,5.0,7.0,9,8
2,ood_mixed,201,5.006030559539795,5.0,2.0,9,8
2,ood_mixed,202,5.008242130279541,5.0,7.0,9,8
2,ood_mixed,203,3.007213830947876,3.0,3.0,7,6
2,ood_mixed,204,3.356910467147827,3.0,3.0,5,4
2,ood_mixed,205,4.993217468261719,5.0,3.0,9,8
2,ood_mixed,206,3.0007808208465576,3.0,3.0,7,2
2,ood_mixed,207,3.0000312328338623,3.0,2.0,5,4
2,ood_mixed,208,5.015573978424072,5.0,2.0,9,8
2,ood_mixed,209,3.0003700256347656,3.0,3.0,7,6
2,ood_mixed,210,4.973145961761475,5.0,2.0,9,2
2,ood_mixed,211,3.000251054763794,3.0,3.0,5,4
2,ood_mixed,212,4.6493120193481445,5.0,2.0,9,2
2,ood_mixed,213,5.19638729095459,5.0,6.0,9,8
2,ood_mixed,214,3.0010735988616943,3.0,3.0,5,4
2,ood_mixed,215,5.011512756347656,5.0,2.0,9,8
2,ood_mixed,216,3.0003409385681152,3.0,2.0,7,6
2,ood_mixed,217,4.968447208404541,5.0,2.0,9,8
2,ood_mixed,218,3.0002260208129883,3.0,2.0,7,6
2,ood_mixed,219,3.0005035400390625,3.0,3.0,7,6
2,ood_mixed,220,3.0009562969207764,3.0,2.0,8,2
2,ood_mixed,221,3.000044584274292,3.0,2.0,5,4
2,ood_mixed,222,3.0199944972991943,3.0,3.0,7,6
2,ood_mixed,223,4.891817092895508,5.0,4.0,9,2
2,ood_mixed,224,3.000605821609497,3.0,2.0,5,4
2,ood_mixed,225,4.981082916259766,5.0,2.0,9,8
2,ood_mixed,226,4.9891357421875,5.0,5.0,9,2
2,ood_mixed,227,5.012495994567871,5.0,5.0,9,8
2,ood_mixed,228,3.0075857639312744,3.0,3.0,8,2
2,ood_mixed,229,4.996387481689453,5.0,4.0,9,2
2,ood_mixed,230,4.934879302978516,5.0,2.0,9,8
2,ood_mixed,231,3.0087170600891113,3.0,3.0,7,6
2,ood_mixed,232,3.001382350921631,3.0,3.0,6,2
2,ood_mixed,233,3.0000483989715576,3.0,2.0,7,6
2,ood_mixed,234,5.007117748260498,5.0,4.0,9,2
2,ood_mixed,235,3.000004291534424,3.0,2.0,7,6
2,ood_mixed,236,4.311519622802734,4.0,4.0,9,2
2,ood_mixed,237,3.009075164794922,3.0,3.0,7,6
2,ood_mixed,238,4.998551845550537,5.0,6.0,9,8
2,ood_mixed,239,4.939247131347656,5.0,5.0,9,2
2,ood_mixed,240,4.9344682693481445,5.0,2.0,9,8
2,ood_mixed,241,3.0001988410949707,3.0,2.0,8,2
2,ood_mixed,242,4.999039173126221,5.0,5.0,9,2
2,ood_mixed,243,3.0003092288970947,3.0,2.0,7,6
2,ood_mixed,244,4.713086128234863,5.0,8.0,9,8
2,ood_mixed,245,4.64893913269043,5.0,3.0,9,8
2,ood_mixed,246,3.0504090785980225,3.0,3.0,5,4
2,ood_mixed,247,5.0025153160095215,5.0,2.0,9,2
2,ood_mixed,248,4.996607303619385,5.0,16.0,9,8
2,ood_mixed,249,3.0033397674560547,3.0,3.0,5,4
2,ood_mixed,250,4.9822001457214355,5.0,2.0,9,8
2,ood_mixed,251,4.821481704711914,5.0,2.0,9,2
2,ood_mixed,252,3.0033740997314453,3.0,3.0,6,2
2,ood_mixed,253,3.014934539794922,3.0,3.0,7,6
2,ood_mixed,254,3.0001440048217773,3.0,3.0,5,4
2,ood_mixed,255,3.646646738052368,4.0,3.0,5,4
2,ood_mixed,256,4.986782550811768,5.0,2.0,9,8
2,ood_mixed,257,3.001432418823242,3.0,3.0,7,6
2,ood_mixed,258,3.0005862712860107,3.0,2.0,8,2
2,ood_mixed,259,3.143512725830078,3.0,3.0,7,6
2,ood_mixed,260,3.000293493270874,3.0,3.0,5,4
2,ood_mixed,261,3.0029563903808594,3.0,2.0,8,2
2,ood_mixed,262,3.001629114151001,3.0,3.0,8,2
2,ood_mixed,263,3.0013046264648438,3.0,3.0,5,4
2,ood_mixed,264,5.000775337219238,5.0,5.0,9,2
2,ood_mixed,265,3.0000109672546387,3.0,2.0,7,6
2,ood_mixed,266,3.032130241394043,3.0,3.0,8,2
2,ood_mixed,267,4.5039262771606445,5.0,12.0,9,8
2,ood_mixed,268,3.0067381858825684,3.0,3.0,7,6
2,ood_mixed,269,4.553316116333008,5.0,16.0,9,8
2,ood_mixed,270,3.002479076385498,3.0,3.0,7,6
2,ood_mixed,271,3.000375986099243,3.0,3.0,5,4
2,ood_mixed,272,5.016798496246338,5.0,2.0,9,8
2,ood_mixed,273,3.000058889389038,3.0,2.0,5,4
2,ood_mixed,274,3.0098791122436523,3.0,3.0,5,4
2,ood_mixed,275,3.0013091564178467,3.0,3.0,5,4
2,ood_mixed,276,3.0000252723693848,3.0,2.0,5,4
2,ood_mixed,277,3.0000710487365723,3.0,2.0,8,2
2,ood_mixed,278,3.0010552406311035,3.0,3.0,5,4
2,ood_mixed,279,3.000014305114746,3.0,2.0,8,2
2,ood_mixed,280,3.0004348754882812,3.0,2.0,5,4
2,ood_mixed,281,3.037062883377075,3.0,3.0,5,4
2,ood_mixed,282,3.0007171630859375,3.0,3.0,5,4
2,ood_mixed,283,3.0000057220458984,3.0,2.0,5,4
2,ood_mixed,284,3.0003931522369385,3.0,3.0,5,4
2,ood_mixed,285,4.9685282707214355,5.0,4.0,9,8
2,ood_mixed,286,3.000369071960449,3.0,3.0,8,2
2,ood_mixed,287,3.0007760524749756,3.0,2.0,5,4
2,ood_mixed,288,3.010007381439209,3.0,3.0,5,4
2,ood_mixed,289,3.0044360160827637,3.0,3.0,5,4
2,ood_mixed,290,3.0005290508270264,3.0,3.0,5,4
2,ood_mixed,291,5.039620876312256,5.0,2.0,9,2
2,ood_mixed,292,3.0011916160583496,3.0,3.0,5,2
2,ood_mixed,293,3.0008139610290527,3.0,3.0,7,6
2,ood_mixed,294,3.000176191329956,3.0,2.0,8,2
2,ood_mixed,295,4.920261859893799,5.0,6.0,9,2
2,ood_mixed,296,3.000617265701294,3.0,3.0,5,4
2,ood_mixed,297,3.0019783973693848,3.0,3.0,5,4
2,ood_mixed,298,3.0000298023223877,3.0,2.0,5,4
2,ood_mixed,299,3.0030550956726074,3.0,3.0,5,4
2,ood_mixed,300,3.8944201469421387,4.0,3.0,5,4
2,ood_mixed,301,3.000967264175415,3.0,3.0,7,2
2,ood_mixed,302,3.000540018081665,3.0,3.0,7,6
2,ood_mixed,303,4.50943660736084,5.0,2.0,9,8
2,ood_mixed,304,3.0324556827545166,3.0,3.0,7,6
2,ood_mixed,305,3.0368871688842773,3.0,3.0,7,6
2,ood_mixed,306,3.0014500617980957,3.0,2.0,5,4
2,ood_mixed,307,4.946740627288818,5.0,4.0,9,2
2,ood_mixed,308,4.9978485107421875,5.0,3.0,9,8
2,ood_mixed,309,4.999411582946777,5.0,6.0,9,2
2,ood_mixed,310,4.989418029785156,5.0,5.0,9,2
2,ood_mixed,311,5.0039544105529785,5.0,2.0,9,8
2,ood_mixed,312,3.000021457672119,3.0,2.0,5,4
2,ood_mixed,313,3.2312426567077637,3.0,3.0,7,6
2,ood_mixed,314,3.00111985206604,3.0,3.0,7,6
2,ood_mixed,315,3.000061273574829,3.0,2.0,8,2
2,ood_mixed,316,4.988826274871826,5.0,11.0,9,8
2,ood_mixed,317,3.752211809158325,4.0,3.0,7,6
2,ood_mixed,318,3.002582311630249,3.0,3.0,7,6
2,ood_mixed,319,3.004248857498169,3.0,3.0,7,2
2,ood_mixed,320,3.0094945430755615,3.0,3.0,7,2
2,ood_mixed,321,3.0004920959472656,3.0,3.0,5,4
2,ood_mixed,322,4.983030796051025,5.0,10.0,9,8
2,ood_mixed,323,3.0001182556152344,3.0,2.0,5,4
2,ood_mixed,324,3.000030517578125,3.0,2.0,5,2
2,ood_mixed,325,3.000002145767212,3.0,2.0,7,6
2,ood_mixed,326,4.981324195861816,5.0,13.0,9,8
2,ood_mixed,327,3.0003721714019775,3.0,2.0,5,4
2,ood_mixed,328,3.000702142715454,3.0,3.0,5,4
2,ood_mixed,329,3.0011801719665527,3.0,3.0,7,6
2,ood_mixed,330,3.000040054321289,3.0,2.0,5,4
2,ood_mixed,331,3.000108480453491,3.0,2.0,7,6
2,ood_mixed,332,4.974085807800293,5.0,5.0,9,8
2,ood_mixed,333,3.0001821517944336,3.0,3.0,5,4
2,ood_mixed,334,4.8196234703063965,5.0,2.0,9,8
2,ood_mixed,335,3.0011720657348633,3.0,3.0,7,6
2,ood_mixed,336,4.927933692932129,5.0,2.0,9,8
2,ood_mixed,337,3.000847101211548,3.0,2.0,7,6
2,ood_mixed,338,4.301783561706543,4.0,2.0,9,8
2,ood_mixed,339,3.0027451515197754,3.0,3.0,8,2
2,ood_mixed,340,4.81674861907959,5.0,2.0,9,2
2,ood_mixed,341,3.000269889831543,3.0,2.0,5,4
2,ood_mixed,342,3.0013649463653564,3.0,3.0,5,2
2,ood_mixed,343,3.0039618015289307,3.0,3.0,7,6
2,ood_mixed,344,4.944032192230225,5.0,2.0,9,8
2,ood_mixed,345,4.998123645782471,5.0,12.0,9,8
2,ood_mixed,346,3.0003745555877686,3.0,3.0,5,4
2,ood_mixed,347,4.969836711883545,5.0,8.0,9,8
2,ood_mixed,348,3.0419278144836426,3.0,3.0,5,4
2,ood_mixed,349,3.0000715255737305,3.0,2.0,5,2
2,ood_mixed,350,3.0004749298095703,3.0,3.0,5,4
2,ood_mixed,351,3.000711441040039,3.0,2.0,7,6
2,ood_mixed,352,3.000243902206421,3.0,2.0,5,4
2,ood_mixed,353,3.0005080699920654,3.0,3.0,7,6
2,ood_mixed,354,3.0152783393859863,3.0,3.0,5,4
2,ood_mixed,355,3.005986213684082,3.0,3.0,7,6
2,ood_mixed,356,4.973388671875,5.0,2.0,9,2
2,ood_mixed,357,3.133942127227783,3.0,3.0,7,6
2,ood_mixed,358,4.99644136428833,5.0,4.0,9,2
2,ood_mixed,359,4.762993335723877,5.0,2.0,9,8
2,ood_mixed,360,4.334495544433594,4.0,3.0,9,8
2,ood_mixed,361,4.790040493011475,5.0,9.0,9,8
2,ood_mixed,362,3.0276875495910645,3.0,3.0,7,6
2,ood_mixed,363,3.0000104904174805,3.0,2.0,5,4
2,ood_mixed,364,4.974348068237305,5.0,2.0,9,8
2,ood_mixed,365,5.005684852600098,5.0,7.0,9,2
2,ood_mixed,366,3.005786657333374,3.0,3.0,5,4
2,ood_mixed,367,4.991095542907715,5.0,2.0,9,8
2,ood_mixed,368,3.0013644695281982,3.0,3.0,6,2
2,ood_mixed,369,3.0009024143218994,3.0,3.0,7,6
2,ood_mixed,370,3.001483917236328,3.0,3.0,7,6
2,ood_mixed,371,3.0001423358917236,3.0,2.0,5,4
2,ood_mixed,372,4.98342752456665,5.0,4.0,9,8
2,ood_mixed,373,4.870788097381592,5.0,4.0,9,2
2,ood_mixed,374,3.0013535022735596,3.0,3.0,8,2
2,ood_mixed,375,3.0001699924468994,3.0,3.0,5,4
2,ood_mixed,376,3.0077784061431885,3.0,3.0,5,4
2,ood_mixed,377,5.017964839935303,5.0,2.0,9,8
2,ood_mixed,378,3.0005943775177,3.0,3.0,7,6
2,ood_mixed,379,4.97722864151001,5.0,5.0,9,8
2,ood_mixed,380,3.003537178039551,3.0,3.0,7,6
2,ood_mixed,381,3.000169277191162,3.0,2.0,5,4
2,ood_mixed,382,3.01328444480896,3.0,3.0,5,4
2,ood_mixed,383,4.841680526733398,5.0,4.0,9,8
2,ood_mixed,384,3.0112524032592773,3.0,3.0,7,2
2,ood_mixed,385,4.985787868499756,5.0,6.0,9,2
2,ood_mixed,386,5.046006679534912,5.0,2.0,9,8
2,ood_mixed,387,3.393659830093384,3.0,3.0,8,2
2,ood_mixed,388,5.034011363983154,5.0,3.0,9,8
2,ood_mixed,389,5.010740280151367,5.0,2.0,9,8
2,ood_mixed,390,3.0000040531158447,3.0,2.0,7,6
2,ood_mixed,391,3.000110626220703,3.0,2.0,5,4
2,ood_mixed,392,4.315089702606201,4.0,5.0,9,8
2,ood_mixed,393,3.1001288890838623,3.0,3.0,7,2
2,ood_mixed,394,3.0000624656677246,3.0,2.0,5,4
2,ood_mixed,395,3.00703763961792,3.0,3.0,7,6
2,ood_mixed,396,3.0003533363342285,3.0,3.0,7,6
2,ood_mixed,397,3.016655921936035,3.0,3.0,8,2
2,ood_mixed,398,3.0000128746032715,3.0,2.0,7,6
2,ood_mixed,399,4.992619037628174,5.0,4.0,9,8
2,ood_mixed,400,5.001063823699951,5.0,5.0,9,2
2,ood_mixed,401,3.0001583099365234,3.0,3.0,7,2
2,ood_mixed,402,4.996263027191162,5.0,5.0,9,8
2,ood_mixed,403,4.992282867431641,5.0,2.0,9,8
2,ood_mixed,404,3.00007963180542,3.0,2.0,5,4
2,ood_mixed,405,3.0001020431518555,3.0,2.0,6,2
2,ood_mixed,406,4.997588634490967,5.0,11.0,9,8
2,ood_mixed,407,3.0001182556152344,3.0,2.0,7,6
2,ood_mixed,408,3.0020666122436523,3.0,3.0,7,6
2,ood_mixed,409,4.996248722076416,5.0,2.0,9,8
2,ood_mixed,410,3.0149497985839844,3.0,3.0,5,2
2,ood_mixed,411,4.979392051696777,5.0,13.0,9,8
2,ood_mixed,412,4.825565814971924,5.0,6.0,9,2
2,ood_mixed,413,3.4587416648864746,3.0,3.0,7,6
2,ood_mixed,414,3.004234790802002,3.0,3.0,5,4
2,ood_mixed,415,4.99934720993042,5.0,6.0,9,8
2,ood_mixed,416,5.02638053894043,5.0,2.0,9,8
2,ood_mixed,417,3.0000600814819336,3.0,2.0,7,2
2,ood_mixed,418,3.000028371810913,3.0,2.0,5,4
2,ood_mixed,419,3.0028014183044434,3.0,3.0,5,4
2,ood_mixed,420,5.01772403717041,5.0,6.0,9,2
2,ood_mixed,421,3.005707263946533,3.0,3.0,5,4
2,ood_mixed,422,4.473140716552734,4.0,2.0,9,8
2,ood_mixed,423,3.0368518829345703,3.0,3.0,7,6
2,ood_mixed,424,5.187355995178223,5.0,9.0,9,2
2,ood_mixed,425,3.000713586807251,3.0,3.0,8,2
2,ood_mixed,426,5.866265296936035,6.0,16.0,9,8
2,ood_mixed,427,3.9871344566345215,4.0,3.0,5,4
2,ood_mixed,428,3.0119869709014893,3.0,3.0,7,6
2,ood_mixed,429,3.0005290508270264,3.0,2.0,7,2
2,ood_mixed,430,3.000221014022827,3.0,3.0,5,4
2,ood_mixed,431,3.000048875808716,3.0,2.0,7,6
2,ood_mixed,432,3.0000154972076416,3.0,2.0,5,4
2,ood_mixed,433,4.245184421539307,4.0,16.0,9,8
2,ood_mixed,434,3.0272293090820312,3.0,3.0,5,4
2,ood_mixed,435,3.993271827697754,4.0,3.0,7,2
2,ood_mixed,436,4.991917133331299,5.0,9.0,9,8
2,ood_mixed,437,3.00325608253479,3.0,3.0,7,2
2,ood_mixed,438,5.013563632965088,5.0,8.0,9,8
2,ood_mixed,439,3.0000388622283936,3.0,2.0,7,2
2,ood_mixed,440,3.0010437965393066,3.0,3.0,7,6
2,ood_mixed,441,3.009629011154175,3.0,3.0,5,4
2,ood_mixed,442,5.025127410888672,5.0,5.0,9,8
2,ood_mixed,443,3.0040314197540283,3.0,3.0,5,4
2,ood_mixed,444,4.9992499351501465,5.0,16.0,9,8
2,ood_mixed,445,3.000696897506714,3.0,2.0,8,2
2,ood_mixed,446,3.0003206729888916,3.0,2.0,5,4
2,ood_mixed,447,3.0042595863342285,3.0,3.0,8,2
2,ood_mixed,448,4.989771842956543,5.0,2.0,9,8
2,ood_mixed,449,3.000378131866455,3.0,3.0,5,4
2,ood_mixed,450,3.0000321865081787,3.0,2.0,7,6
2,ood_mixed,451,4.974751949310303,5.0,6.0,9,2
2,ood_mixed,452,3.0005383491516113,3.0,3.0,5,4
2,ood_mixed,453,3.012479066848755,3.0,3.0,6,2
2,ood_mixed,454,3.002840757369995,3.0,3.0,7,6
2,ood_mixed,455,4.972878932952881,5.0,8.0,9,8
2,ood_mixed,456,4.9228668212890625,5.0,10.0,9,8
2,ood_mixed,457,3.000309944152832,3.0,3.0,5,4
2,ood_mixed,458,5.00031042098999,5.0,4.0,9,2
2,ood_mixed,459,4.855791091918945,5.0,11.0,9,8
2,ood_mixed,460,3.010310173034668,3.0,3.0,7,6
2,ood_mixed,461,3.0506432056427,3.0,3.0,5,4
2,ood_mixed,462,3.0005545616149902,3.0,3.0,8,2
2,ood_mixed,463,3.000005006790161,3.0,2.0,5,4
2,ood_mixed,464,4.321255207061768,4.0,2.0,9,2
2,ood_mixed,465,3.000545024871826,3.0,3.0,5,4
2,ood_mixed,466,4.964837551116943,5.0,2.0,9,2
2,ood_mixed,467,3.9053144454956055,4.0,3.0,6,2
2,ood_mixed,468,3.00003719329834,3.0,2.0,5,4
2,ood_mixed,469,4.92183256149292,5.0,2.0,9,8
2,ood_mixed,470,3.0000035762786865,3.0,2.0,5,4
2,ood_mixed,471,3.000054359436035,3.0,3.0,7,6
2,ood_mixed,472,3.000126361846924,3.0,2.0,8,2
2,ood_mixed,473,3.004423141479492,3.0,3.0,7,6
2,ood_mixed,474,3.006990909576416,3.0,3.0,5,4
2,ood_mixed,475,5.002592086791992,5.0,4.0,9,2
2,ood_mixed,476,3.0006117820739746,3.0,3.0,5,2
2,ood_mixed,477,3.00132155418396,3.0,3.0,8,2
2,ood_mixed,478,3.0290937423706055,3.0,3.0,5,4
2,ood_mixed,479,3.000359535217285,3.0,3.0,8,2
2,ood_mixed,480,3.0000555515289307,3.0,2.0,7,6
2,ood_mixed,481,3.0000455379486084,3.0,2.0,7,6
2,ood_mixed,482,3.000098466873169,3.0,2.0,5,4
2,ood_mixed,483,5.009405612945557,5.0,10.0,9,2
2,ood_mixed,484,3.0122692584991455,3.0,3.0,7,6
2,ood_mixed,485,3.0000076293945312,3.0,2.0,5,4
2,ood_mixed,486,3.0046908855438232,3.0,3.0,7,6
2,ood_mixed,487,3.000020980834961,3.0,2.0,7,6
2,ood_mixed,488,3.000032424926758,3.0,2.0,7,6
2,ood_mixed,489,3.0356528759002686,3.0,3.0,7,2
2,ood_mixed,490,3.0000576972961426,3.0,2.0,8,2
2,ood_mixed,491,4.897438049316406,5.0,2.0,9,8
2,ood_mixed,492,3.0001718997955322,3.0,2.0,7,6
2,ood_mixed,493,4.994185447692871,5.0,8.0,9,8
2,ood_mixed,494,3.003575563430786,3.0,3.0,5,4
2,ood_mixed,495,3.0042238235473633,3.0,2.0,8,2
2,ood_mixed,496,4.921601295471191,5.0,2.0,9,8
2,ood_mixed,497,3.0000157356262207,3.0,2.0,5,4
2,ood_mixed,498,4.9698967933654785,5.0,2.0,9,8
2,ood_mixed,499,3.0036957263946533,3.0,3.0,8,2
2,ood_mixed,500,3.0059049129486084,3.0,3.0,5,4
2,ood_mixed,501,3.000514268875122,3.0,3.0,7,6
2,ood_mixed,502,4.7387824058532715,5.0,16.0,9,8
2,ood_mixed,503,3.0002615451812744,3.0,2.0,5,4
2,ood_mixed,504,4.982947826385498,5.0,2.0,9,8
2,ood_mixed,505,3.034438133239746,3.0,3.0,8,2
2,ood_mixed,506,3.0004723072052,3.0,3.0,5,4
2,ood_mixed,507,3.000020980834961,3.0,2.0,7,2
2,ood_mixed,508,4.933094024658203,5.0,2.0,9,8
2,ood_mixed,509,3.000540256500244,3.0,3.0,7,6
2,ood_mixed,510,3.0067570209503174,3.0,2.0,6,2
2,ood_mixed,511,4.913908958435059,5.0,5.0,9,2
3,val,0,5.005043983459473,5.0,5.0,5,4
3,val,1,5.014781951904297,5.0,16.0,9,2
3,val,2,5.002185821533203,5.0,4.0,5,4
3,val,3,5.42721700668335,5.0,16.0,9,8
3,val,4,5.008106231689453,5.0,4.0,7,6
3,val,5,4.956800937652588,5.0,16.0,9,8
3,val,6,5.005568981170654,5.0,5.0,5,4
3,val,7,4.804501056671143,5.0,16.0,9,8
3,val,8,5.934146881103516,6.0,5.0,7,2
3,val,9,5.2791337966918945,5.0,4.0,9,8
3,val,10,6.3835835456848145,6.0,7.0,9,8
3,val,11,5.0537495613098145,5.0,5.0,7,6
3,val,12,4.853589057922363,5.0,10.0,9,8
3,val,13,5.004213809967041,5.0,4.0,5,4
3,val,14,5.44396448135376,5.0,6.0,7,6
3,val,15,5.0094313621521,5.0,5.0,7,6
3,val,16,5.298184871673584,5.0,5.0,7,2
3,val,17,5.0651140213012695,5.0,3.0,9,2
3,val,18,5.015729904174805,5.0,5.0,5,4
3,val,19,5.035327434539795,5.0,5.0,7,2
3,val,20,5.0457868576049805,5.0,16.0,9,8
3,val,21,5.002479076385498,5.0,5.0,5,4
3,val,22,5.019076347351074,5.0,6.0,7,2
3,val,23,5.001145362854004,5.0,5.0,7,6
3,val,24,5.026979923248291,5.0,16.0,9,8
3,val,25,5.579985618591309,6.0,16.0,9,2
3,val,26,5.147877216339111,5.0,5.0,7,2
3,val,27,5.079291820526123,5.0,5.0,5,4
3,val,28,4.912415981292725,5.0,4.0,5,2
3,val,29,5.038147926330566,5.0,5.0,8,2
3,val,30,5.037996768951416,5.0,5.0,5,4
3,val,31,4.672242641448975,5.0,7.0,9,8
3,val,32,5.0189971923828125,5.0,4.0,5,4
3,val,33,5.012425422668457,5.0,5.0,7,6
3,val,34,4.9874267578125,5.0,5.0,7,6
3,val,35,4.354547023773193,4.0,3.0,9,8
3,val,36,4.995663642883301,5.0,16.0,9,8
3,val,37,5.004724979400635,5.0,5.0,7,6
3,val,38,5.072345733642578,5.0,5.0,7,6
3,val,39,5.141880512237549,5.0,6.0,7,6
3,val,40,5.017953872680664,5.0,4.0,9,8
3,val,41,5.114430904388428,5.0,2.0,9,8
3,val,42,5.000235080718994,5.0,5.0,7,6
3,val,43,5.0028510093688965,5.0,4.0,5,4
3,val,44,5.0774712562561035,5.0,5.0,7,6
3,val,45,5.247745990753174,5.0,15.0,9,2
3,val,46,5.001016139984131,5.0,4.0,5,4
3,val,47,5.4597344398498535,5.0,16.0,9,8
3,val,48,5.004175662994385,5.0,4.0,7,2
3,val,49,5.000823020935059,5.0,4.0,7,6
3,val,50,5.105232238769531,5.0,5.0,7,6
3,val,51,4.9952616691589355,5.0,4.0,5,4
3,val,52,5.171507358551025,5.0,5.0,5,4
3,val,53,5.0303053855896,5.0,5.0,5,4
3,val,54,4.997947692871094,5.0,5.0,5,4
3,val,55,5.154455661773682,5.0,16.0,9,8
3,val,56,4.29606294631958,4.0,16.0,9,8
3,val,57,5.9427900314331055,6.0,14.0,9,8
3,val,58,5.282494068145752,5.0,5.0,7,6
3,val,59,4.218898773193359,4.0,16.0,9,2
3,val,60,5.008014678955078,5.0,5.0,7,6
3,val,61,5.0002288818359375,5.0,4.0,5,4
3,val,62,4.9946417808532715,5.0,16.0,9,2
3,val,63,5.468255996704102,5.0,3.0,9,8
3,val,64,5.018462181091309,5.0,5.0,7,6
3,val,65,5.07069206237793,5.0,6.0,9,8
3,val,66,5.18997049331665,5.0,16.0,9,2
3,val,67,6.264984607696533,6.0,12.0,9,8
3,val,68,4.491243362426758,4.0,16.0,9,8
3,val,69,4.812816619873047,5.0,16.0,9,8
3,val,70,4.99967622756958,5.0,4.0,5,4
3,val,71,5.023858547210693,5.0,5.0,7,6
3,val,72,4.994874477386475,5.0,4.0,5,4
3,val,73,5.008020401000977,5.0,5.0,7,6
3,val,74,5.005815505981445,5.0,5.0,7,6
3,val,75,5.010500907897949,5.0,5.0,7,6
3,val,76,4.976625442504883,5.0,4.0,7,6
3,val,77,5.785109519958496,6.0,6.0,9,8
3,val,78,5.113455772399902,5.0,16.0,9,2
3,val,79,5.161420822143555,5.0,4.0,9,8
3,val,80,5.01356840133667,5.0,5.0,7,6
3,val,81,5.010645389556885,5.0,5.0,6,2
3,val,82,5.025118827819824,5.0,5.0,7,6
3,val,83,5.484676837921143,5.0,5.0,9,8
3,val,84,5.542447090148926,6.0,5.0,5,4
3,val,85,5.005653381347656,5.0,16.0,9,8
3,val,86,5.0055832862854,5.0,3.0,9,8
3,val,87,5.095485687255859,5.0,6.0,9,8
3,val,88,5.001037120819092,5.0,16.0,9,2
3,val,89,4.999825954437256,5.0,4.0,8,2
3,val,90,5.017889976501465,5.0,5.0,7,6
3,val,91,5.029209136962891,5.0,4.0,5,4
3,val,92,4.997378349304199,5.0,4.0,7,6
3,val,93,5.016681671142578,5.0,5.0,7,6
3,val,94,5.001211166381836,5.0,4.0,5,2
3,val,95,5.140725612640381,5.0,5.0,7,2
3,val,96,4.294198036193848,4.0,8.0,9,2
3,val,97,5.000937461853027,5.0,4.0,7,6
3,val,98,5.004601001739502,5.0,5.0,7,6
3,val,99,6.021467208862305,6.0,3.0,9,8
3,val,100,5.306945323944092,5.0,5.0,5,4
3,val,101,5.033753871917725,5.0,16.0,9,8
3,val,102,5.007134437561035,5.0,4.0,7,6
3,val,103,5.026227951049805,5.0,5.0,5,4
3,val,104,4.999349594116211,5.0,16.0,9,8
3,val,105,5.010646820068359,5.0,5.0,7,6
3,val,106,5.020751953125,5.0,5.0,5,4
3,val,107,5.0034284591674805,5.0,4.0,5,4
3,val,108,4.93682861328125,5.0,9.0,9,8
3,val,109,4.29113245010376,4.0,9.0,9,8
3,val,110,4.989053249359131,5.0,3.0,9,8
3,val,111,5.499780654907227,5.0,4.0,9,8
3,val,112,5.0012102127075195,5.0,4.0,5,4
3,val,113,5.036702632904053,5.0,5.0,7,6
3,val,114,5.018526554107666,5.0,4.0,7,2
3,val,115,5.323537349700928,5.0,16.0,9,8
3,val,116,5.09888219833374,5.0,3.0,9,8
3,val,117,5.0038933753967285,5.0,2.0,9,8
3,val,118,5.028566360473633,5.0,5.0,5,2
3,val,119,4.997195720672607,5.0,16.0,9,8
3,val,120,5.692882537841797,6.0,16.0,9,2
3,val,121,5.036391258239746,5.0,6.0,5,4
3,val,122,4.914334297180176,5.0,4.0,9,8
3,val,123,5.203153610229492,5.0,16.0,9,2
3,val,124,5.9557905197143555,6.0,3.0,9,8
3,val,125,5.415915012359619,5.0,12.0,9,2
3,val,126,5.006154537200928,5.0,5.0,5,4
3,val,127,5.091917037963867,5.0,5.0,9,8
3,val,128,5.237048149108887,5.0,2.0,9,8
3,val,129,5.4979424476623535,5.0,5.0,5,4
3,val,130,5.075174808502197,5.0,5.0,5,4
3,val,131,5.06873893737793,5.0,4.0,9,8
3,val,132,5.032857418060303,5.0,5.0,6,2
3,val,133,5.0043511390686035,5.0,5.0,7,6
3,val,134,4.992744445800781,5.0,7.0,9,8
3,val,135,5.023694038391113,5.0,7.0,9,8
3,val,136,5.080117702484131,5.0,5.0,7,6
3,val,137,5.004923343658447,5.0,5.0,7,6
3,val,138,5.003109455108643,5.0,4.0,7,6
3,val,139,4.9981689453125,5.0,4.0,5,4
3,val,140,5.005510330200195,5.0,5.0,5,4
3,val,141,5.0055952072143555,5.0,5.0,8,2
3,val,142,5.018731117248535,5.0,5.0,5,4
3,val,143,5.130648612976074,5.0,5.0,7,6
3,val,144,5.924707412719727,6.0,13.0,9,2
3,val,145,5.0091328620910645,5.0,5.0,7,6
3,val,146,5.013608932495117,5.0,5.0,5,4
3,val,147,5.007026672363281,5.0,5.0,7,6
3,val,148,4.998468399047852,5.0,4.0,5,4
3,val,149,4.979703426361084,5.0,4.0,8,2
3,val,150,5.02161169052124,5.0,5.0,7,6
3,val,151,5.330869674682617,5.0,6.0,5,4
3,val,152,5.0462565422058105,5.0,5.0,8,2
3,val,153,5.016316890716553,5.0,5.0,5,4
3,val,154,5.213496685028076,5.0,3.0,9,8
3,val,155,5.112246036529541,5.0,5.0,5,4
3,val,156,5.892165660858154,6.0,16.0,9,8
3,val,157,5.058187961578369,5.0,5.0,7,6
3,val,158,4.969651222229004,5.0,16.0,9,8
3,val,159,5.8122711181640625,6.0,5.0,7,6
3,val,160,5.808187961578369,6.0,15.0,9,8
3,val,161,4.838206768035889,5.0,16.0,9,8
3,val,162,5.003811359405518,5.0,4.0,7,6
3,val,163,5.005110263824463,5.0,4.0,5,4
3,val,164,5.016380310058594,5.0,5.0,5,4
3,val,165,4.999478340148926,5.0,4.0,5,4
3,val,166,5.010835647583008,5.0,5.0,6,2
3,val,167,4.915438652038574,5.0,16.0,9,8
3,val,168,5.055606842041016,5.0,6.0,5,2
3,val,169,5.000884056091309,5.0,5.0,5,4
3,val,170,5.788880348205566,6.0,5.0,7,6
3,val,171,5.115482330322266,5.0,6.0,8,2
3,val,172,6.135026931762695,6.0,16.0,9,8
3,val,173,5.937445640563965,6.0,4.0,9,8
3,val,174,5.519089698791504,6.0,6.0,7,6
3,val,175,5.07090425491333,5.0,5.0,5,4
3,val,176,5.001380920410156,5.0,4.0,5,4
3,val,177,5.006990432739258,5.0,5.0,7,6
3,val,178,5.646330833435059,6.0,6.0,5,4
3,val,179,5.010528087615967,5.0,14.0,9,8
3,val,180,5.981820583343506,6.0,6.0,6,2
3,val,181,5.325376510620117,5.0,15.0,9,8
3,val,182,4.995896816253662,5.0,4.0,5,4
3,val,183,5.019412040710449,5.0,5.0,7,2
3,val,184,5.085198879241943,5.0,6.0,5,4
3,val,185,4.7559990882873535,5.0,16.0,9,2
3,val,186,5.016942501068115,5.0,5.0,7,6
3,val,187,5.7519707679748535,6.0,15.0,9,8
3,val,188,4.273011684417725,4.0,3.0,9,8
3,val,189,5.012861251831055,5.0,4.0,5,4
3,val,190,5.0142292976379395,5.0,5.0,7,6
3,val,191,5.282991886138916,5.0,3.0,9,8
3,val,192,5.182723045349121,5.0,5.0,7,6
3,val,193,5.002048492431641,5.0,5.0,5,4
3,val,194,5.268202304840088,5.0,6.0,5,4
3,val,195,5.007662773132324,5.0,5.0,5,4
3,val,196,5.141932010650635,5.0,6.0,7,6
3,val,197,5.0302886962890625,5.0,5.0,9,8
3,val,198,5.69197416305542,6.0,6.0,5,4
3,val,199,5.013955116271973,5.0,4.0,7,6
3,val,200,5.770455360412598,6.0,14.0,9,2
3,val,201,5.007631301879883,5.0,13.0,9,2
3,val,202,4.998560428619385,5.0,4.0,5,2
3,val,203,5.913524627685547,6.0,16.0,9,2
3,val,204,5.082414627075195,5.0,5.0,6,2
3,val,205,5.585834980010986,6.0,3.0,9,8
3,val,206,5.0192551612854,5.0,4.0,9,8
3,val,207,5.001653671264648,5.0,4.0,5,4
3,val,208,4.725356578826904,5.0,4.0,5,4
3,val,209,5.004763126373291,5.0,5.0,5,4
3,val,210,4.909736633300781,5.0,14.0,9,8
3,val,211,5.000186920166016,5.0,4.0,7,2
3,val,212,5.009824275970459,5.0,5.0,5,4
3,val,213,5.008116245269775,5.0,4.0,5,4
3,val,214,5.904618263244629,6.0,16.0,9,8
3,val,215,5.0045390129089355,5.0,5.0,7,6
3,val,216,5.456617832183838,5.0,7.0,9,8
3,val,217,5.124907970428467,5.0,5.0,7,6
3,val,218,5.001589298248291,5.0,4.0,7,2
3,val,219,5.0973005294799805,5.0,5.0,7,6
3,val,220,5.057950496673584,5.0,16.0,9,2
3,val,221,5.003378868103027,5.0,4.0,5,4
3,val,222,5.002209186553955,5.0,4.0,5,4
3,val,223,5.014714241027832,5.0,4.0,7,2
3,val,224,5.010039806365967,5.0,6.0,7,6
3,val,225,5.008111476898193,5.0,5.0,7,6
3,val,226,5.104306697845459,5.0,5.0,8,2
3,val,227,5.177541255950928,5.0,5.0,5,4
3,val,228,5.0445780754089355,5.0,5.0,7,6
3,val,229,5.713786602020264,6.0,16.0,9,2
3,val,230,5.0282392501831055,5.0,5.0,5,4
3,val,231,5.148062229156494,5.0,16.0,9,8
3,val,232,5.000178813934326,5.0,4.0,7,6
3,val,233,5.221027851104736,5.0,5.0,5,4
3,val,234,4.9798903465271,5.0,16.0,9,2
3,val,235,4.998347759246826,5.0,4.0,7,6
3,val,236,5.003043174743652,5.0,5.0,5,4
3,val,237,4.653223037719727,5.0,16.0,9,8
3,val,238,5.018515586853027,5.0,5.0,5,4
3,val,239,4.971911430358887,5.0,16.0,9,8
3,val,240,5.002823829650879,5.0,5.0,5,4
3,val,241,4.9895734786987305,5.0,4.0,9,8
3,val,242,5.031509876251221,5.0,5.0,6,2
3,val,243,5.754337787628174,6.0,4.0,9,8
3,val,244,5.017979621887207,5.0,5.0,7,6
3,val,245,5.012677192687988,5.0,4.0,5,4
3,val,246,5.004122734069824,5.0,5.0,5,4
3,val,247,4.729705333709717,5.0,3.0,9,8
3,val,248,5.003378391265869,5.0,4.0,5,4
3,val,249,5.0001325607299805,5.0,4.0,5,4
3,val,250,5.00493049621582,5.0,5.0,5,4
3,val,251,5.004693508148193,5.0,5.0,5,4
3,val,252,5.602963447570801,6.0,5.0,8,2
3,val,253,5.014652252197266,5.0,5.0,7,2
3,val,254,5.011415004730225,5.0,5.0,7,6
3,val,255,5.012086868286133,5.0,5.0,7,6
3,val,256,5.26426887512207,5.0,12.0,9,8
3,val,257,5.047821044921875,5.0,5.0,7,6
3,val,258,5.046079158782959,5.0,6.0,9,8
3,val,259,5.161947250366211,5.0,4.0,5,2
3,val,260,5.243096828460693,5.0,16.0,9,2
3,val,261,5.2913007736206055,5.0,16.0,9,2
3,val,262,4.431772708892822,4.0,15.0,9,2
3,val,263,5.170703411102295,5.0,5.0,7,6
3,val,264,4.710707187652588,5.0,4.0,7,6
3,val,265,5.303714275360107,5.0,5.0,7,6
3,val,266,5.013245105743408,5.0,5.0,7,2
3,val,267,5.464771747589111,5.0,5.0,7,6
3,val,268,5.017833709716797,5.0,4.0,9,8
3,val,269,5.002281665802002,5.0,4.0,6,2
3,val,270,5.00229024887085,5.0,4.0,5,4
3,val,271,5.0087995529174805,5.0,4.0,5,4
3,val,272,5.418272018432617,5.0,5.0,8,2
3,val,273,5.004063606262207,5.0,4.0,7,6
3,val,274,5.486766338348389,5.0,3.0,9,8
3,val,275,5.003202438354492,5.0,5.0,8,2
3,val,276,5.000121116638184,5.0,5.0,7,6
3,val,277,5.3492231369018555,5.0,5.0,7,6
3,val,278,4.994571685791016,5.0,16.0,9,8
3,val,279,5.034003734588623,5.0,16.0,9,2
3,val,280,5.002154350280762,5.0,5.0,7,6
3,val,281,5.005140781402588,5.0,5.0,8,2
3,val,282,5.257402420043945,5.0,7.0,5,4
3,val,283,5.888486862182617,6.0,3.0,9,8
3,val,284,4.966723442077637,5.0,16.0,9,2
3,val,285,5.6553874015808105,6.0,6.0,7,2
3,val,286,5.001254558563232,5.0,4.0,5,4
3,val,287,5.916131973266602,6.0,4.0,9,8
3,val,288,5.0616583824157715,5.0,5.0,7,6
3,val,289,5.001758575439453,5.0,5.0,5,4
3,val,290,4.960725784301758,5.0,4.0,5,4
3,val,291,5.075992107391357,5.0,16.0,9,2
3,val,292,5.000312328338623,5.0,4.0,5,4
3,val,293,5.626999855041504,6.0,5.0,7,6
3,val,294,4.999857425689697,5.0,4.0,7,2
3,val,295,5.089864730834961,5.0,5.0,9,8
3,val,296,5.790760040283203,6.0,5.0,5,4
3,val,297,5.1461405754089355,5.0,6.0,7,6
3,val,298,5.784388542175293,6.0,5.0,5,4
3,val,299,5.353282928466797,5.0,5.0,6,2
3,val,300,5.0092926025390625,5.0,5.0,5,4
3,val,301,5.009115219116211,5.0,5.0,7,6
3,val,302,5.120265483856201,5.0,16.0,9,8
3,val,303,5.000779628753662,5.0,5.0,7,6
3,val,304,4.989138603210449,5.0,16.0,9,8
3,val,305,5.002089500427246,5.0,4.0,8,2
3,val,306,5.004430294036865,5.0,5.0,5,4
3,val,307,5.005551338195801,5.0,5.0,6,2
3,val,308,5.451815605163574,5.0,13.0,9,2
3,val,309,4.907386779785156,5.0,4.0,9,8
3,val,310,5.3661298751831055,5.0,5.0,9,8
3,val,311,5.046555995941162,5.0,5.0,9,8
3,val,312,5.007575511932373,5.0,5.0,5,4
3,val,313,5.028201580047607,5.0,5.0,5,2
3,val,314,5.055537700653076,5.0,5.0,5,4
3,val,315,5.010619640350342,5.0,5.0,5,4
3,val,316,5.976380348205566,6.0,3.0,9,8
3,val,317,5.455684661865234,5.0,5.0,7,6
3,val,318,5.161330223083496,5.0,12.0,9,2
3,val,319,5.01053524017334,5.0,5.0,5,4
3,val,320,6.055217742919922,6.0,3.0,9,8
3,val,321,5.006711483001709,5.0,4.0,5,4
3,val,322,4.222123146057129,4.0,11.0,9,8
3,val,323,4.921542644500732,5.0,16.0,9,8
3,val,324,5.061712265014648,5.0,5.0,9,2
3,val,325,5.016271591186523,5.0,8.0,9,8
3,val,326,5.952178001403809,6.0,13.0,9,2
3,val,327,5.000654697418213,5.0,4.0,7,2
3,val,328,5.206862926483154,5.0,3.0,9,8
3,val,329,5.0348286628723145,5.0,5.0,7,6
3,val,330,5.046892166137695,5.0,5.0,7,6
3,val,331,5.00152063369751,5.0,4.0,5,4
3,val,332,5.348516464233398,5.0,16.0,9,2
3,val,333,4.726204872131348,5.0,4.0,9,8
3,val,334,5.899102687835693,6.0,5.0,7,6
3,val,335,4.439611911773682,4.0,16.0,9,8
3,val,336,5.024199962615967,5.0,5.0,7,6
3,val,337,5.004976749420166,5.0,4.0,5,4
3,val,338,5.119009017944336,5.0,3.0,9,8
3,val,339,5.007694244384766,5.0,5.0,8,2
3,val,340,5.02364444732666,5.0,5.0,5,4
3,val,341,5.011605262756348,5.0,5.0,7,6
3,val,342,5.016147613525391,5.0,5.0,6,2
3,val,343,5.186255931854248,5.0,5.0,5,4
3,val,344,5.002019882202148,5.0,5.0,5,4
3,val,345,5.01394510269165,5.0,5.0,5,4
3,val,346,5.016351222991943,5.0,5.0,7,6
3,val,347,5.576021671295166,6.0,16.0,9,8
3,val,348,5.004461765289307,5.0,5.0,5,4
3,val,349,5.00262451171875,5.0,5.0,5,4
3,val,350,5.873812198638916,6.0,3.0,9,8
3,val,351,5.004608631134033,5.0,5.0,7,6
3,val,352,5.002561569213867,5.0,5.0,7,6
3,val,353,5.000756740570068,5.0,4.0,5,4
3,val,354,5.024195671081543,5.0,4.0,9,8
3,val,355,4.3393025398254395,4.0,16.0,9,8
3,val,356,5.158405780792236,5.0,5.0,7,6
3,val,357,4.992921829223633,5.0,5.0,5,4
3,val,358,5.004595756530762,5.0,4.0,7,6
3,val,359,5.1703104972839355,5.0,14.0,9,2
3,val,360,5.015415191650391,5.0,5.0,5,4
3,val,361,5.0542144775390625,5.0,5.0,5,4
3,val,362,5.632442474365234,6.0,16.0,9,8
3,val,363,5.13016939163208,5.0,3.0,9,8
3,val,364,5.010066986083984,5.0,4.0,7,6
3,val,365,5.624734878540039,6.0,5.0,5,4
3,val,366,5.241587162017822,5.0,5.0,5,4
3,val,367,5.003058433532715,5.0,4.0,5,4
3,val,368,4.990212917327881,5.0,5.0,7,6
3,val,369,5.05167818069458,5.0,3.0,9,8
3,val,370,4.955996990203857,5.0,3.0,9,8
3,val,371,5.1201701164245605,5.0,7.0,7,6
3,val,372,4.824970245361328,5.0,16.0,9,2
3,val,373,5.045504093170166,5.0,4.0,9,8
3,val,374,4.750319480895996,5.0,16.0,9,2
3,val,375,4.9930267333984375,5.0,5.0,5,4
3,val,376,4.785468101501465,5.0,5.0,9,8
3,val,377,4.973730564117432,5.0,5.0,9,8
3,val,378,6.579236030578613,7.0,3.0,9,8
3,val,379,5.033573150634766,5.0,6.0,7,6
3,val,380,5.035454750061035,5.0,2.0,9,8
3,val,381,4.997562885284424,5.0,5.0,6,2
3,val,382,5.574428081512451,6.0,5.0,5,4
3,val,383,4.0297746658325195,4.0,16.0,9,8
3,val,384,5.014374732971191,5.0,5.0,7,6
3,val,385,5.97500467300415,6.0,5.0,5,4
3,val,386,5.179355621337891,5.0,16.0,9,2
3,val,387,5.185234069824219,5.0,4.0,9,8
3,val,388,5.031501293182373,5.0,5.0,7,6
3,val,389,5.012984752655029,5.0,5.0,7,6
3,val,390,5.3717169761657715,5.0,16.0,9,8
3,val,391,5.001347541809082,5.0,4.0,6,2
3,val,392,5.0062737464904785,5.0,3.0,9,8
3,val,393,5.047753810882568,5.0,16.0,9,2
3,val,394,5.025294780731201,5.0,5.0,5,4
3,val,395,4.980994701385498,5.0,4.0,5,4
3,val,396,5.2339396476745605,5.0,11.0,9,2
3,val,397,4.999948024749756,5.0,4.0,5,4
3,val,398,5.8070197105407715,6.0,6.0,7,6
3,val,399,5.0043721199035645,5.0,5.0,7,6
3,val,400,5.013978004455566,5.0,5.0,8,2
3,val,401,5.054643630981445,5.0,5.0,5,4
3,val,402,5.841667175292969,6.0,6.0,7,6
3,val,403,5.0051116943359375,5.0,5.0,7,6
3,val,404,5.195498466491699,5.0,6.0,5,4
3,val,405,4.995377540588379,5.0,4.0,5,4
3,val,406,5.115807056427002,5.0,16.0,9,8
3,val,407,5.003384113311768,5.0,4.0,5,4
3,val,408,5.912948131561279,6.0,14.0,9,2
3,val,409,4.485163688659668,4.0,6.0,9,8
3,val,410,5.012166976928711,5.0,5.0,8,2
3,val,411,5.083343505859375,5.0,5.0,7,6
3,val,412,4.9749531745910645,5.0,3.0,9,8
3,val,413,5.009819507598877,5.0,5.0,8,2
3,val,414,5.560258865356445,6.0,5.0,5,4
3,val,415,5.02078104019165,5.0,5.0,7,6
3,val,416,5.001086711883545,5.0,5.0,5,4
3,val,417,5.000172138214111,5.0,4.0,5,4
3,val,418,5.733469486236572,6.0,15.0,9,8
3,val,419,4.996426105499268,5.0,5.0,7,6
3,val,420,5.469811916351318,5.0,13.0,9,8
3,val,421,5.01036262512207,5.0,5.0,7,6
3,val,422,5.009635925292969,5.0,5.0,7,6
3,val,423,5.001976490020752,5.0,5.0,7,6
3,val,424,5.072549343109131,5.0,5.0,7,6
3,val,425,5.000773906707764,5.0,4.0,5,2
3,val,426,5.000484466552734,5.0,5.0,5,4
3,val,427,5.174681663513184,5.0,6.0,9,8
3,val,428,5.197815418243408,5.0,16.0,9,2
3,val,429,5.0735650062561035,5.0,5.0,7,6
3,val,430,5.001710414886475,5.0,5.0,7,6
3,val,431,5.736562252044678,6.0,3.0,9,8
3,val,432,5.004500865936279,5.0,4.0,7,6
3,val,433,5.018808364868164,5.0,5.0,5,4
3,val,434,4.508402347564697,5.0,7.0,9,8
3,val,435,5.010832786560059,5.0,5.0,5,4
3,val,436,5.000057220458984,5.0,4.0,7,2
3,val,437,5.348902225494385,5.0,5.0,7,2
3,val,438,5.348662853240967,5.0,6.0,8,2
3,val,439,5.004397869110107,5.0,5.0,7,6
3,val,440,5.033910751342773,5.0,6.0,5,4
3,val,441,5.016904830932617,5.0,4.0,7,6
3,val,442,5.062694072723389,5.0,5.0,7,2
3,val,443,5.103455066680908,5.0,5.0,7,2
3,val,444,5.1131086349487305,5.0,5.0,5,4
3,val,445,5.0030670166015625,5.0,4.0,5,4
3,val,446,5.300165176391602,5.0,16.0,9,8
3,val,447,5.004507064819336,5.0,4.0,5,4
3,val,448,5.032602310180664,5.0,5.0,7,6
3,val,449,5.008281707763672,5.0,5.0,7,2
3,val,450,5.13396692276001,5.0,6.0,7,2
3,val,451,5.0200066566467285,5.0,5.0,5,4
3,val,452,5.000656604766846,5.0,5.0,5,4
3,val,453,5.678980827331543,6.0,10.0,9,8
3,val,454,5.115523338317871,5.0,16.0,9,2
3,val,455,4.66927433013916,4.0,3.0,9,8
3,val,456,5.041553497314453,5.0,5.0,5,2
3,val,457,4.85137414932251,5.0,16.0,9,8
3,val,458,5.006014823913574,5.0,5.0,5,4
3,val,459,5.007579803466797,5.0,5.0,9,8
3,val,460,5.0114545822143555,5.0,16.0,9,8
3,val,461,5.0733642578125,5.0,6.0,7,2
3,val,462,4.064579010009766,4.0,3.0,9,8
3,val,463,5.845403671264648,6.0,2.0,9,8
3,val,464,5.456920623779297,5.0,5.0,5,4
3,val,465,4.4888224601745605,4.0,3.0,9,8
3,val,466,4.659289836883545,5.0,16.0,9,8
3,val,467,4.254208087921143,4.0,3.0,9,8
3,val,468,4.989378929138184,4.0,3.0,9,8
3,val,469,5.004202842712402,5.0,5.0,5,4
3,val,470,5.531949043273926,6.0,16.0,9,2
3,val,471,5.019837856292725,5.0,5.0,7,6
3,val,472,5.0912556648254395,5.0,5.0,5,4
3,val,473,5.183299541473389,5.0,16.0,9,8
3,val,474,4.996616840362549,5.0,4.0,7,2
3,val,475,5.016418933868408,5.0,5.0,7,2
3,val,476,5.041172027587891,5.0,5.0,8,2
3,val,477,5.004830837249756,5.0,5.0,7,6
3,val,478,5.012514591217041,5.0,6.0,7,6
3,val,479,5.636763095855713,6.0,6.0,9,8
3,val,480,5.018545627593994,5.0,5.0,6,2
3,val,481,5.08758544921875,5.0,16.0,9,8
3,val,482,5.106954574584961,5.0,5.0,5,4
3,val,483,4.940908432006836,5.0,16.0,9,8
3,val,484,5.007266998291016,5.0,4.0,5,4
3,val,485,5.262683391571045,5.0,16.0,9,8
3,val,486,5.034680366516113,5.0,2.0,9,8
3,val,487,5.128971099853516,5.0,6.0,5,4
3,val,488,5.013100624084473,5.0,4.0,9,8
3,val,489,5.00412654876709,5.0,5.0,5,4
3,val,490,5.013769149780273,5.0,5.0,7,2
3,val,491,5.518274784088135,6.0,13.0,9,8
3,val,492,5.340229511260986,5.0,5.0,7,2
3,val,493,5.00327205657959,5.0,5.0,5,4
3,val,494,5.007134914398193,5.0,5.0,8,2
3,val,495,6.274874210357666,6.0,16.0,9,8
3,val,496,5.180607795715332,5.0,6.0,5,4
3,val,497,4.998178958892822,5.0,5.0,7,6
3,val,498,5.023506164550781,5.0,5.0,7,6
3,val,499,5.017264366149902,5.0,5.0,7,6
3,val,500,5.0561370849609375,5.0,4.0,9,8
3,val,501,5.001805305480957,5.0,4.0,7,6
3,val,502,5.083028793334961,5.0,5.0,7,6
3,val,503,5.002895355224609,5.0,4.0,5,4
3,val,504,4.994149208068848,5.0,5.0,5,4
3,val,505,5.009440898895264,5.0,5.0,5,4
3,val,506,5.3032732009887695,5.0,5.0,5,4
3,val,507,5.003417015075684,5.0,4.0,5,4
3,val,508,4.993812084197998,5.0,4.0,7,6
3,val,509,5.223729133605957,5.0,5.0,7,6
3,val,510,5.011927604675293,5.0,4.0,6,2
3,val,511,5.002250671386719,5.0,5.0,7,6
3,ood_mixed,0,4.333240509033203,4.0,3.0,9,8
3,ood_mixed,1,5.224678993225098,5.0,6.0,5,4
3,ood_mixed,2,5.004519939422607,5.0,4.0,7,6
3,ood_mixed,3,5.019356727600098,5.0,5.0,5,4
3,ood_mixed,4,5.000295162200928,5.0,5.0,5,4
3,ood_mixed,5,4.996273040771484,5.0,5.0,7,2
3,ood_mixed,6,5.000565528869629,5.0,4.0,5,4
3,ood_mixed,7,4.9986162185668945,5.0,5.0,6,2
3,ood_mixed,8,5.018335342407227,5.0,5.0,5,4
3,ood_mixed,9,5.014465808868408,5.0,5.0,8,2
3,ood_mixed,10,5.008815288543701,5.0,5.0,6,2
3,ood_mixed,11,4.996501922607422,5.0,4.0,6,2
3,ood_mixed,12,5.071213245391846,5.0,6.0,7,6
3,ood_mixed,13,5.022276878356934,5.0,5.0,5,4
3,ood_mixed,14,5.085176467895508,5.0,16.0,9,8
3,ood_mixed,15,5.016931533813477,5.0,5.0,5,4
3,ood_mixed,16,5.10442590713501,5.0,16.0,9,8
3,ood_mixed,17,5.056636810302734,5.0,6.0,5,4
3,ood_mixed,18,5.012603282928467,5.0,5.0,7,6
3,ood_mixed,19,5.596220970153809,6.0,6.0,7,6
3,ood_mixed,20,5.297097206115723,5.0,16.0,9,2
3,ood_mixed,21,5.784605979919434,6.0,7.0,9,8
3,ood_mixed,22,5.09119176864624,5.0,16.0,9,2
3,ood_mixed,23,5.071325778961182,5.0,5.0,7,2
3,ood_mixed,24,5.004002094268799,5.0,5.0,7,6
3,ood_mixed,25,5.003627777099609,5.0,4.0,5,4
3,ood_mixed,26,5.024247646331787,5.0,5.0,5,4
3,ood_mixed,27,5.964896202087402,6.0,16.0,9,8
3,ood_mixed,28,4.910432815551758,5.0,3.0,9,8
3,ood_mixed,29,4.994077205657959,5.0,4.0,5,4
3,ood_mixed,30,4.995302677154541,5.0,15.0,9,2
3,ood_mixed,31,5.192779064178467,5.0,16.0,9,8
3,ood_mixed,32,5.0163373947143555,5.0,5.0,7,6
3,ood_mixed,33,5.005403995513916,5.0,5.0,5,4
3,ood_mixed,34,5.002359390258789,5.0,5.0,7,6
3,ood_mixed,35,5.0348100662231445,5.0,5.0,7,6
3,ood_mixed,36,5.0340256690979,5.0,5.0,5,4
3,ood_mixed,37,4.973453521728516,5.0,16.0,9,8
3,ood_mixed,38,5.652726650238037,6.0,3.0,9,8
3,ood_mixed,39,4.825271129608154,5.0,3.0,9,8
3,ood_mixed,40,5.0069899559021,5.0,5.0,8,2
3,ood_mixed,41,5.1629838943481445,5.0,5.0,5,4
3,ood_mixed,42,5.021801471710205,5.0,6.0,6,2
3,ood_mixed,43,5.009054660797119,5.0,5.0,5,4
3,ood_mixed,44,5.205190658569336,5.0,5.0,7,6
3,ood_mixed,45,5.008844375610352,5.0,5.0,7,6
3,ood_mixed,46,5.003258228302002,5.0,4.0,6,2
3,ood_mixed,47,4.998175621032715,5.0,4.0,5,4
3,ood_mixed,48,4.9973464012146,5.0,4.0,5,4
3,ood_mixed,49,5.005624294281006,5.0,5.0,7,6
3,ood_mixed,50,5.006706714630127,5.0,4.0,7,6
3,ood_mixed,51,5.183485507965088,5.0,5.0,9,8
3,ood_mixed,52,5.135221481323242,5.0,5.0,5,4
3,ood_mixed,53,5.1438140869140625,5.0,15.0,9,8
3,ood_mixed,54,5.645871162414551,6.0,16.0,9,8
3,ood_mixed,55,5.020657062530518,5.0,5.0,5,2
3,ood_mixed,56,5.1695756912231445,5.0,5.0,5,4
3,ood_mixed,57,5.00560188293457,5.0,5.0,7,6
3,ood_mixed,58,5.014265060424805,5.0,5.0,7,6
3,ood_mixed,59,5.193351745605469,5.0,5.0,7,6
3,ood_mixed,60,5.366236686706543,5.0,16.0,9,2
3,ood_mixed,61,5.002462863922119,5.0,5.0,5,4
3,ood_mixed,62,5.126396179199219,5.0,15.0,9,8
3,ood_mixed,63,5.654843807220459,6.0,2.0,9,8
3,ood_mixed,64,5.082891941070557,5.0,8.0,9,8
3,ood_mixed,65,5.004650592803955,5.0,5.0,7,6
3,ood_mixed,66,4.997894763946533,5.0,4.0,6,2
3,ood_mixed,67,5.001603603363037,5.0,4.0,7,6
3,ood_mixed,68,5.192061424255371,5.0,16.0,9,8
3,ood_mixed,69,5.196822166442871,5.0,5.0,7,6
3,ood_mixed,70,5.985092639923096,6.0,6.0,5,4
3,ood_mixed,71,5.016792297363281,5.0,5.0,5,4
3,ood_mixed,72,5.013123512268066,5.0,5.0,8,2
3,ood_mixed,73,5.115694046020508,5.0,5.0,7,6
3,ood_mixed,74,5.004022121429443,5.0,4.0,5,4
3,ood_mixed,75,5.005178928375244,5.0,5.0,5,4
3,ood_mixed,76,5.009754180908203,5.0,5.0,5,4
3,ood_mixed,77,5.718300819396973,6.0,5.0,9,8
3,ood_mixed,78,5.347673416137695,5.0,16.0,9,2
3,ood_mixed,79,5.010567665100098,5.0,5.0,7,6
3,ood_mixed,80,5.139190196990967,5.0,5.0,7,2
3,ood_mixed,81,5.015328407287598,5.0,5.0,5,4
3,ood_mixed,82,5.011260986328125,5.0,3.0,9,8
3,ood_mixed,83,5.009596824645996,5.0,5.0,8,2
3,ood_mixed,84,6.000600814819336,6.0,13.0,9,2
3,ood_mixed,85,5.203860759735107,5.0,6.0,7,6
3,ood_mixed,86,5.002863883972168,5.0,5.0,5,4
3,ood_mixed,87,5.023625373840332,5.0,16.0,9,2
3,ood_mixed,88,5.069427490234375,5.0,3.0,9,8
3,ood_mixed,89,4.815459728240967,5.0,6.0,9,8
3,ood_mixed,90,4.987298011779785,5.0,4.0,5,4
3,ood_mixed,91,5.850649833679199,6.0,5.0,5,4
3,ood_mixed,92,4.95634651184082,5.0,16.0,9,8
3,ood_mixed,93,5.020480155944824,5.0,5.0,5,4
3,ood_mixed,94,5.207067966461182,5.0,6.0,7,6
3,ood_mixed,95,5.401400089263916,6.0,3.0,9,8
3,ood_mixed,96,5.131479263305664,5.0,5.0,7,2
3,ood_mixed,97,4.99480676651001,5.0,5.0,8,2
3,ood_mixed,98,5.003475666046143,5.0,4.0,6,2
3,ood_mixed,99,4.969419002532959,5.0,8.0,9,8
3,ood_mixed,100,5.009969711303711,5.0,4.0,7,6
3,ood_mixed,101,5.508810043334961,6.0,6.0,8,2
3,ood_mixed,102,5.007362365722656,5.0,4.0,5,4
3,ood_mixed,103,5.004915714263916,5.0,5.0,6,2
3,ood_mixed,104,5.10590124130249,5.0,5.0,7,6
3,ood_mixed,105,5.054666042327881,5.0,5.0,7,6
3,ood_mixed,106,5.047306060791016,5.0,16.0,9,8
3,ood_mixed,107,5.027398109436035,5.0,4.0,5,4
3,ood_mixed,108,5.108694553375244,5.0,16.0,9,2
3,ood_mixed,109,5.958788871765137,6.0,4.0,9,8
3,ood_mixed,110,5.19139289855957,5.0,5.0,7,6
3,ood_mixed,111,4.197652816772461,4.0,16.0,9,8
3,ood_mixed,112,5.023234844207764,5.0,5.0,5,4
3,ood_mixed,113,5.006167888641357,5.0,4.0,5,4
3,ood_mixed,114,4.877776622772217,5.0,16.0,9,8
3,ood_mixed,115,5.013523101806641,5.0,5.0,7,6
3,ood_mixed,116,4.999393463134766,5.0,4.0,5,4
3,ood_mixed,117,5.002538204193115,5.0,4.0,7,6
3,ood_mixed,118,5.011689186096191,5.0,4.0,7,6
3,ood_mixed,119,5.003016471862793,5.0,5.0,5,4
3,ood_mixed,120,5.01230525970459,5.0,5.0,5,4
3,ood_mixed,121,4.994163990020752,5.0,5.0,7,6
3,ood_mixed,122,5.010234832763672,5.0,5.0,7,2
3,ood_mixed,123,5.004921913146973,5.0,5.0,5,4
3,ood_mixed,124,5.001664161682129,5.0,4.0,7,6
3,ood_mixed,125,4.996068477630615,5.0,5.0,7,6
3,ood_mixed,126,5.817522048950195,6.0,5.0,5,4
3,ood_mixed,127,5.813817501068115,6.0,16.0,9,8
3,ood_mixed,128,5.006026268005371,5.0,5.0,7,6
3,ood_mixed,129,5.018564224243164,5.0,5.0,7,6
3,ood_mixed,130,4.999388217926025,5.0,4.0,7,2
3,ood_mixed,131,5.145078659057617,5.0,5.0,5,4
3,ood_mixed,132,5.025649070739746,5.0,6.0,7,6
3,ood_mixed,133,5.009158611297607,5.0,4.0,5,4
3,ood_mixed,134,5.071321487426758,5.0,5.0,7,6
3,ood_mixed,135,5.611078262329102,6.0,5.0,7,6
3,ood_mixed,136,4.5679779052734375,5.0,6.0,9,8
3,ood_mixed,137,5.128025054931641,5.0,5.0,7,6
3,ood_mixed,138,4.742340087890625,5.0,3.0,9,8
3,ood_mixed,139,5.091062545776367,5.0,5.0,7,6
3,ood_mixed,140,5.260036468505859,5.0,11.0,9,2
3,ood_mixed,141,4.848776340484619,5.0,15.0,9,8
3,ood_mixed,142,5.2549567222595215,5.0,5.0,5,4
3,ood_mixed,143,5.015681743621826,5.0,5.0,6,2
3,ood_mixed,144,5.104512691497803,5.0,5.0,5,4
3,ood_mixed,145,5.596520900726318,6.0,16.0,9,2
3,ood_mixed,146,5.010375022888184,5.0,5.0,5,4
3,ood_mixed,147,5.252296447753906,5.0,16.0,9,8
3,ood_mixed,148,5.0014824867248535,5.0,5.0,5,4
3,ood_mixed,149,6.033777236938477,6.0,10.0,9,2
3,ood_mixed,150,5.037878513336182,5.0,4.0,7,6
3,ood_mixed,151,5.018890380859375,5.0,5.0,8,2
3,ood_mixed,152,5.093208312988281,5.0,4.0,9,2
3,ood_mixed,153,5.025226593017578,5.0,5.0,5,4
3,ood_mixed,154,5.001391410827637,5.0,4.0,7,6
3,ood_mixed,155,5.002829074859619,5.0,5.0,7,6
3,ood_mixed,156,5.039043426513672,5.0,5.0,5,4
3,ood_mixed,157,6.0216898918151855,6.0,4.0,9,8
3,ood_mixed,158,5.006302356719971,5.0,5.0,7,6
3,ood_mixed,159,4.997297286987305,5.0,4.0,8,2
3,ood_mixed,160,5.6790008544921875,6.0,2.0,9,8
3,ood_mixed,161,5.704420566558838,6.0,3.0,9,8
3,ood_mixed,162,5.204321384429932,5.0,15.0,9,8
3,ood_mixed,163,5.091620922088623,5.0,16.0,9,2
3,ood_mixed,164,5.103272914886475,5.0,5.0,7,2
3,ood_mixed,165,4.989185333251953,5.0,4.0,5,4
3,ood_mixed,166,5.208162784576416,5.0,15.0,9,8
3,ood_mixed,167,5.008359909057617,5.0,3.0,9,8
3,ood_mixed,168,4.87994384765625,5.0,16.0,9,2
3,ood_mixed,169,5.251793384552002,5.0,16.0,9,8
3,ood_mixed,170,5.005859851837158,5.0,16.0,9,8
3,ood_mixed,171,5.007074356079102,5.0,5.0,5,4
3,ood_mixed,172,5.2519683837890625,5.0,5.0,7,6
3,ood_mixed,173,5.031641960144043,5.0,4.0,8,2
3,ood_mixed,174,5.002070426940918,5.0,4.0,7,2
3,ood_mixed,175,4.999639987945557,5.0,4.0,7,6
3,ood_mixed,176,4.964498996734619,5.0,16.0,9,8
3,ood_mixed,177,4.999013900756836,5.0,5.0,5,4
3,ood_mixed,178,5.015017986297607,5.0,5.0,7,6
3,ood_mixed,179,4.9969635009765625,5.0,4.0,7,6
3,ood_mixed,180,5.432649612426758,5.0,5.0,5,4
3,ood_mixed,181,5.09175968170166,5.0,16.0,9,8
3,ood_mixed,182,5.003506660461426,5.0,5.0,5,4
3,ood_mixed,183,4.837917327880859,5.0,16.0,9,2
3,ood_mixed,184,5.303915977478027,5.0,5.0,5,4
3,ood_mixed,185,5.132344722747803,5.0,5.0,7,6
3,ood_mixed,186,5.021699905395508,5.0,5.0,5,4
3,ood_mixed,187,5.004395484924316,5.0,4.0,6,2
3,ood_mixed,188,4.994406223297119,5.0,5.0,7,6
3,ood_mixed,189,4.923799991607666,5.0,4.0,5,4
3,ood_mixed,190,5.008299350738525,5.0,5.0,5,4
3,ood_mixed,191,5.0790181159973145,5.0,5.0,5,4
3,ood_mixed,192,4.779385089874268,5.0,16.0,9,2
3,ood_mixed,193,5.649364471435547,6.0,16.0,9,8
3,ood_mixed,194,5.082816123962402,5.0,5.0,9,8
3,ood_mixed,195,5.027554988861084,5.0,5.0,8,2
3,ood_mixed,196,5.313282489776611,5.0,5.0,7,6
3,ood_mixed,197,5.028735637664795,5.0,5.0,5,2
3,ood_mixed,198,5.022853374481201,5.0,5.0,7,6
3,ood_mixed,199,5.009915351867676,5.0,4.0,7,2
3,ood_mixed,200,5.029184818267822,5.0,4.0,7,2
3,ood_mixed,201,4.99741268157959,5.0,4.0,7,6
3,ood_mixed,202,5.1108856201171875,5.0,5.0,7,6
3,ood_mixed,203,5.022692680358887,5.0,16.0,9,8
3,ood_mixed,204,5.009675025939941,5.0,4.0,7,6
3,ood_mixed,205,5.003376483917236,5.0,4.0,7,2
3,ood_mixed,206,5.127914905548096,5.0,15.0,9,2
3,ood_mixed,207,5.003353595733643,5.0,5.0,5,4
3,ood_mixed,208,5.1975626945495605,5.0,6.0,7,6
3,ood_mixed,209,5.009987831115723,5.0,5.0,5,4
3,ood_mixed,210,5.005611896514893,5.0,4.0,5,2
3,ood_mixed,211,5.001675128936768,5.0,5.0,5,4
3,ood_mixed,212,5.014264106750488,5.0,4.0,7,2
3,ood_mixed,213,5.250697135925293,5.0,5.0,5,4
3,ood_mixed,214,4.148012638092041,4.0,3.0,9,8
3,ood_mixed,215,5.114675521850586,5.0,2.0,9,8
3,ood_mixed,216,5.0048441886901855,5.0,4.0,7,6
3,ood_mixed,217,5.561666488647461,6.0,4.0,9,8
3,ood_mixed,218,5.618342876434326,6.0,5.0,5,4
3,ood_mixed,219,5.133999824523926,5.0,16.0,9,8
3,ood_mixed,220,5.1137261390686035,5.0,16.0,9,2
3,ood_mixed,221,4.343225002288818,4.0,16.0,9,2
3,ood_mixed,222,4.820866584777832,5.0,4.0,9,8
3,ood_mixed,223,5.004203796386719,5.0,5.0,7,6
3,ood_mixed,224,4.992359638214111,5.0,4.0,5,4
3,ood_mixed,225,5.663487434387207,6.0,3.0,9,2
3,ood_mixed,226,4.821817874908447,5.0,15.0,9,8
3,ood_mixed,227,5.392862319946289,5.0,3.0,9,8
3,ood_mixed,228,5.008734703063965,5.0,5.0,7,6
3,ood_mixed,229,5.829378604888916,6.0,6.0,6,2
3,ood_mixed,230,5.04312801361084,5.0,16.0,9,8
3,ood_mixed,231,5.009023666381836,5.0,5.0,5,4
3,ood_mixed,232,5.101308345794678,5.0,3.0,9,8
3,ood_mixed,233,5.022362232208252,5.0,5.0,7,6
3,ood_mixed,234,5.025998115539551,5.0,6.0,9,2
3,ood_mixed,235,5.000583171844482,5.0,4.0,7,6
3,ood_mixed,236,4.999566078186035,5.0,4.0,5,4
3,ood_mixed,237,5.002110004425049,5.0,5.0,7,6
3,ood_mixed,238,5.010200500488281,5.0,4.0,7,6
3,ood_mixed,239,5.00029182434082,5.0,4.0,5,4
3,ood_mixed,240,5.296873569488525,5.0,16.0,9,8
3,ood_mixed,241,5.013345718383789,5.0,5.0,5,4
3,ood_mixed,242,5.0909271240234375,5.0,4.0,9,8
3,ood_mixed,243,5.740123271942139,6.0,5.0,8,2
3,ood_mixed,244,4.998979568481445,5.0,4.0,7,6
3,ood_mixed,245,5.092877388000488,5.0,16.0,9,2
3,ood_mixed,246,5.0012006759643555,5.0,5.0,7,6
3,ood_mixed,247,6.354081153869629,6.0,16.0,9,8
3,ood_mixed,248,5.043075084686279,5.0,5.0,7,2
3,ood_mixed,249,5.001839637756348,5.0,4.0,5,4
3,ood_mixed,250,5.009004592895508,5.0,4.0,5,4
3,ood_mixed,251,5.569544792175293,6.0,15.0,9,2
3,ood_mixed,252,5.086433410644531,5.0,5.0,7,6
3,ood_mixed,253,5.311290264129639,5.0,5.0,5,4
3,ood_mixed,254,4.954837322235107,5.0,4.0,9,8
3,ood_mixed,255,5.012940883636475,5.0,16.0,9,8
3,ood_mixed,256,5.001736640930176,5.0,5.0,7,6
3,ood_mixed,257,5.008035182952881,5.0,3.0,9,8
3,ood_mixed,258,5.00130033493042,5.0,4.0,5,4
3,ood_mixed,259,5.011678695678711,5.0,5.0,7,6
3,ood_mixed,260,5.072580337524414,5.0,4.0,5,4
3,ood_mixed,261,5.124644756317139,5.0,5.0,7,6
3,ood_mixed,262,5.055388450622559,5.0,5.0,7,6
3,ood_mixed,263,5.962787628173828,6.0,7.0,8,2
3,ood_mixed,264,5.092796802520752,5.0,5.0,8,2
3,ood_mixed,265,5.8673577308654785,6.0,16.0,9,2
3,ood_mixed,266,5.01399564743042,5.0,5.0,9,8
3,ood_mixed,267,5.007192134857178,5.0,16.0,9,8
3,ood_mixed,268,5.0105414390563965,5.0,4.0,5,4
3,ood_mixed,269,4.996763229370117,5.0,4.0,5,4
3,ood_mixed,270,5.0041327476501465,5.0,5.0,8,2
3,ood_mixed,271,5.002366542816162,5.0,4.0,8,2
3,ood_mixed,272,5.003664970397949,5.0,4.0,5,4
3,ood_mixed,273,5.191623210906982,5.0,16.0,9,8
3,ood_mixed,274,5.000255107879639,5.0,5.0,5,4
3,ood_mixed,275,5.003737926483154,5.0,16.0,9,8
3,ood_mixed,276,5.127806186676025,5.0,4.0,9,8
3,ood_mixed,277,4.9951934814453125,5.0,4.0,7,2
3,ood_mixed,278,5.014916896820068,5.0,5.0,5,4
3,ood_mixed,279,5.061556339263916,5.0,7.0,7,6
3,ood_mixed,280,5.848311424255371,6.0,8.0,9,8
3,ood_mixed,281,5.337409019470215,5.0,13.0,9,8
3,ood_mixed,282,5.0063796043396,5.0,5.0,7,6
3,ood_mixed,283,5.566910266876221,6.0,14.0,9,8
3,ood_mixed,284,5.596144676208496,6.0,16.0,9,2
3,ood_mixed,285,5.103096961975098,5.0,6.0,5,4
3,ood_mixed,286,5.609264373779297,6.0,6.0,7,2
3,ood_mixed,287,5.147609710693359,5.0,5.0,5,4
3,ood_mixed,288,5.014907360076904,5.0,5.0,6,2
3,ood_mixed,289,5.401414394378662,5.0,4.0,9,8
3,ood_mixed,290,5.008831977844238,5.0,6.0,7,6
3,ood_mixed,291,6.066744804382324,6.0,14.0,9,2
3,ood_mixed,292,5.001838684082031,5.0,4.0,5,4
3,ood_mixed,293,5.008699893951416,5.0,5.0,5,4
3,ood_mixed,294,5.002933025360107,5.0,4.0,5,4
3,ood_mixed,295,5.672170639038086,6.0,5.0,9,8
3,ood_mixed,296,5.003100872039795,5.0,5.0,7,6
3,ood_mixed,297,5.02055025100708,5.0,5.0,5,4
3,ood_mixed,298,5.003079414367676,5.0,5.0,5,4
3,ood_mixed,299,5.002594470977783,5.0,4.0,5,4
3,ood_mixed,300,5.138676643371582,5.0,5.0,7,6
3,ood_mixed,301,4.262159824371338,4.0,8.0,9,2
3,ood_mixed,302,5.0180792808532715,5.0,6.0,7,6
3,ood_mixed,303,5.002058029174805,5.0,5.0,8,2
3,ood_mixed,304,5.0029520988464355,5.0,4.0,6,2
3,ood_mixed,305,5.003380298614502,5.0,4.0,7,6
3,ood_mixed,306,5.007726192474365,5.0,5.0,7,6
3,ood_mixed,307,4.7916035652160645,5.0,16.0,9,2
3,ood_mixed,308,5.043435573577881,5.0,3.0,9,8
3,ood_mixed,309,5.092985153198242,5.0,16.0,9,8
3,ood_mixed,310,5.418564319610596,5.0,16.0,9,2
3,ood_mixed,311,5.037254333496094,5.0,5.0,9,8
3,ood_mixed,312,5.0149359703063965,5.0,4.0,5,4
3,ood_mixed,313,5.001097202301025,5.0,16.0,9,8
3,ood_mixed,314,5.01455020904541,5.0,5.0,8,2
3,ood_mixed,315,5.204573631286621,5.0,16.0,9,2
3,ood_mixed,316,5.003469467163086,5.0,4.0,5,4
3,ood_mixed,317,5.002651691436768,5.0,4.0,8,2
3,ood_mixed,318,4.99399995803833,5.0,4.0,7,2
3,ood_mixed,319,5.085972309112549,5.0,5.0,5,4
3,ood_mixed,320,5.055469036102295,5.0,5.0,7,6
3,ood_mixed,321,5.006068706512451,5.0,5.0,7,6
3,ood_mixed,322,5.169960021972656,5.0,4.0,5,4
3,ood_mixed,323,6.030461311340332,6.0,4.0,9,8
3,ood_mixed,324,5.0083537101745605,5.0,5.0,7,6
3,ood_mixed,325,5.103831768035889,5.0,5.0,9,8
3,ood_mixed,326,4.751349925994873,5.0,16.0,9,8
3,ood_mixed,327,5.0472941398620605,5.0,16.0,9,8
3,ood_mixed,328,5.204874515533447,5.0,11.0,9,8
3,ood_mixed,329,5.002913475036621,5.0,4.0,7,6
3,ood_mixed,330,5.0160231590271,5.0,5.0,7,6
3,ood_mixed,331,5.016864776611328,5.0,5.0,5,4
3,ood_mixed,332,5.049627304077148,5.0,5.0,9,8
3,ood_mixed,333,5.111617565155029,5.0,16.0,9,2
3,ood_mixed,334,5.023796081542969,5.0,5.0,5,4
3,ood_mixed,335,5.006433486938477,5.0,5.0,7,2
3,ood_mixed,336,5.874883651733398,6.0,16.0,9,8
3,ood_mixed,337,5.01456356048584,5.0,5.0,5,4
3,ood_mixed,338,4.997341632843018,5.0,5.0,7,6
3,ood_mixed,339,5.012522220611572,5.0,16.0,9,8
3,ood_mixed,340,5.00610876083374,5.0,5.0,5,4
3,ood_mixed,341,5.870467185974121,6.0,10.0,9,8
3,ood_mixed,342,5.02772331237793,5.0,4.0,5,4
3,ood_mixed,343,5.049615383148193,5.0,16.0,9,8
3,ood_mixed,344,5.108755588531494,5.0,5.0,5,4
3,ood_mixed,345,5.0761332511901855,5.0,6.0,7,6
3,ood_mixed,346,5.022233486175537,5.0,5.0,5,4
3,ood_mixed,347,5.1847686767578125,5.0,5.0,7,6
3,ood_mixed,348,5.004455089569092,5.0,5.0,5,4
3,ood_mixed,349,5.626306056976318,6.0,8.0,9,8
3,ood_mixed,350,5.886688232421875,6.0,3.0,9,8
3,ood_mixed,351,4.949855327606201,5.0,13.0,9,8
3,ood_mixed,352,5.194104194641113,5.0,5.0,6,2
3,ood_mixed,353,5.014314651489258,5.0,4.0,9,8
3,ood_mixed,354,5.290343761444092,5.0,3.0,9,8
3,ood_mixed,355,5.240946292877197,5.0,6.0,5,4
3,ood_mixed,356,5.059352874755859,5.0,16.0,9,2
3,ood_mixed,357,5.504610061645508,6.0,6.0,7,6
3,ood_mixed,358,5.0071845054626465,5.0,5.0,5,4
3,ood_mixed,359,5.95662260055542,6.0,6.0,5,4
3,ood_mixed,360,4.901639938354492,5.0,16.0,9,2
3,ood_mixed,361,5.008067607879639,5.0,4.0,5,4
3,ood_mixed,362,5.153731346130371,5.0,6.0,9,2
3,ood_mixed,363,5.004116058349609,5.0,5.0,7,6
3,ood_mixed,364,5.003242492675781,5.0,5.0,8,2
3,ood_mixed,365,5.030367374420166,5.0,2.0,9,8
3,ood_mixed,366,5.142180919647217,5.0,5.0,7,6
3,ood_mixed,367,5.013960361480713,5.0,5.0,5,4
3,ood_mixed,368,5.057506561279297,5.0,5.0,5,4
3,ood_mixed,369,5.017028331756592,5.0,4.0,7,2
3,ood_mixed,370,5.472124099731445,5.0,5.0,8,2
3,ood_mixed,371,5.167132377624512,5.0,5.0,5,2
3,ood_mixed,372,5.45392370223999,5.0,16.0,9,2
3,ood_mixed,373,4.900905132293701,5.0,7.0,9,8
3,ood_mixed,374,5.001002311706543,5.0,5.0,5,4
3,ood_mixed,375,5.022778511047363,5.0,16.0,9,8
3,ood_mixed,376,5.01522159576416,5.0,4.0,7,6
3,ood_mixed,377,5.799943447113037,6.0,3.0,9,8
3,ood_mixed,378,5.018764019012451,5.0,4.0,9,8
3,ood_mixed,379,5.236507892608643,5.0,5.0,5,4
3,ood_mixed,380,5.0092949867248535,5.0,4.0,7,2
3,ood_mixed,381,5.560959815979004,6.0,3.0,9,8
3,ood_mixed,382,5.073068141937256,5.0,6.0,7,6
3,ood_mixed,383,5.004282474517822,5.0,5.0,5,4
3,ood_mixed,384,5.0031304359436035,5.0,4.0,8,2
3,ood_mixed,385,4.8903045654296875,5.0,8.0,9,8
3,ood_mixed,386,5.526824474334717,6.0,6.0,7,6
3,ood_mixed,387,5.551352024078369,6.0,5.0,7,6
3,ood_mixed,388,5.001425743103027,5.0,4.0,7,6
3,ood_mixed,389,5.510791778564453,6.0,6.0,5,4
3,ood_mixed,390,5.191286087036133,5.0,5.0,7,2
3,ood_mixed,391,4.47202730178833,4.0,3.0,9,2
3,ood_mixed,392,5.001697540283203,5.0,5.0,5,4
3,ood_mixed,393,5.006350994110107,5.0,4.0,7,6
3,ood_mixed,394,5.004073619842529,5.0,4.0,5,4
3,ood_mixed,395,5.075345993041992,5.0,6.0,5,4
3,ood_mixed,396,5.012637615203857,5.0,5.0,7,2
3,ood_mixed,397,4.8717427253723145,5.0,16.0,9,8
3,ood_mixed,398,6.003446102142334,6.0,15.0,9,2
3,ood_mixed,399,5.004777908325195,5.0,5.0,5,4
3,ood_mixed,400,5.569498062133789,6.0,7.0,7,6
3,ood_mixed,401,5.000182151794434,5.0,5.0,7,6
3,ood_mixed,402,5.412456035614014,5.0,5.0,5,4
3,ood_mixed,403,5.993960857391357,6.0,15.0,9,2
3,ood_mixed,404,5.011791229248047,5.0,5.0,7,6
3,ood_mixed,405,4.9971089363098145,5.0,5.0,7,6
3,ood_mixed,406,5.00639009475708,5.0,4.0,5,4
3,ood_mixed,407,5.022411823272705,5.0,4.0,7,2
3,ood_mixed,408,5.636443138122559,6.0,6.0,7,6
3,ood_mixed,409,5.557140350341797,6.0,12.0,9,2
3,ood_mixed,410,6.150506019592285,6.0,5.0,9,8
3,ood_mixed,411,4.999579906463623,5.0,5.0,5,4
3,ood_mixed,412,5.150595664978027,5.0,16.0,9,2
3,ood_mixed,413,5.329792499542236,5.0,6.0,5,4
3,ood_mixed,414,5.003201961517334,5.0,4.0,7,6
3,ood_mixed,415,5.0049543380737305,5.0,5.0,5,4
3,ood_mixed,416,5.005530834197998,5.0,5.0,7,6
3,ood_mixed,417,5.8468780517578125,6.0,3.0,9,8
3,ood_mixed,418,5.032729148864746,5.0,5.0,8,2
3,ood_mixed,419,5.003133296966553,5.0,4.0,7,6
3,ood_mixed,420,5.0039238929748535,5.0,5.0,7,6
3,ood_mixed,421,5.978460311889648,6.0,12.0,9,8
3,ood_mixed,422,4.745184421539307,5.0,9.0,9,8
3,ood_mixed,423,5.004739284515381,5.0,4.0,7,6
3,ood_mixed,424,5.014869689941406,5.0,5.0,5,4
3,ood_mixed,425,5.0060014724731445,5.0,5.0,5,4
3,ood_mixed,426,4.118730068206787,4.0,16.0,9,8
3,ood_mixed,427,5.756465435028076,6.0,3.0,9,8
3,ood_mixed,428,4.997030735015869,5.0,3.0,9,8
3,ood_mixed,429,5.50740909576416,6.0,16.0,9,2
3,ood_mixed,430,5.007282733917236,5.0,5.0,7,6
3,ood_mixed,431,4.949785232543945,5.0,16.0,9,2
3,ood_mixed,432,5.01997709274292,5.0,4.0,5,2
3,ood_mixed,433,5.055942058563232,5.0,5.0,7,6
3,ood_mixed,434,5.053051471710205,5.0,2.0,9,8
3,ood_mixed,435,5.279894828796387,5.0,10.0,9,2
3,ood_mixed,436,5.106552600860596,5.0,5.0,8,2
3,ood_mixed,437,4.988554000854492,5.0,16.0,9,2
3,ood_mixed,438,5.071468353271484,5.0,5.0,5,4
3,ood_mixed,439,4.999475955963135,5.0,4.0,6,2
3,ood_mixed,440,5.088798999786377,5.0,5.0,7,6
3,ood_mixed,441,4.984554290771484,5.0,9.0,9,8
3,ood_mixed,442,5.001782417297363,5.0,4.0,8,2
3,ood_mixed,443,4.948943138122559,5.0,9.0,9,8
3,ood_mixed,444,5.048828125,5.0,6.0,7,6
3,ood_mixed,445,5.028560161590576,5.0,4.0,7,2
3,ood_mixed,446,5.021589756011963,5.0,5.0,5,4
3,ood_mixed,447,5.083985328674316,5.0,5.0,5,4
3,ood_mixed,448,5.006832599639893,5.0,5.0,5,4
3,ood_mixed,449,5.02777099609375,5.0,5.0,7,6
3,ood_mixed,450,5.035660266876221,5.0,5.0,5,4
3,ood_mixed,451,5.1373491287231445,5.0,4.0,9,8
3,ood_mixed,452,6.198133945465088,6.0,4.0,9,8
3,ood_mixed,453,5.701387882232666,6.0,16.0,9,8
3,ood_mixed,454,5.011859893798828,5.0,5.0,5,2
3,ood_mixed,455,5.0062055587768555,5.0,4.0,5,4
3,ood_mixed,456,5.200259685516357,5.0,5.0,6,2
3,ood_mixed,457,4.144801616668701,4.0,16.0,9,8
3,ood_mixed,458,5.479376792907715,5.0,6.0,5,4
3,ood_mixed,459,5.930905342102051,6.0,16.0,9,8
3,ood_mixed,460,5.934481143951416,6.0,14.0,9,8
3,ood_mixed,461,5.015408515930176,5.0,5.0,5,4
3,ood_mixed,462,5.035297393798828,5.0,5.0,5,4
3,ood_mixed,463,5.690708160400391,6.0,16.0,9,2
3,ood_mixed,464,5.119041919708252,5.0,5.0,7,6
3,ood_mixed,465,5.00839376449585,5.0,5.0,5,4
3,ood_mixed,466,5.000609874725342,5.0,4.0,7,6
3,ood_mixed,467,5.002556324005127,5.0,4.0,5,4
3,ood_mixed,468,5.005012512207031,5.0,5.0,5,4
3,ood_mixed,469,5.005561351776123,5.0,5.0,5,4
3,ood_mixed,470,4.828237533569336,5.0,16.0,9,8
3,ood_mixed,471,5.084567070007324,5.0,5.0,7,6
3,ood_mixed,472,5.025386810302734,5.0,5.0,5,4
3,ood_mixed,473,5.771077632904053,6.0,13.0,9,8
3,ood_mixed,474,5.061564922332764,5.0,5.0,5,4
3,ood_mixed,475,5.071889400482178,5.0,5.0,5,4
3,ood_mixed,476,5.18973445892334,5.0,3.0,9,8
3,ood_mixed,477,4.96498966217041,5.0,4.0,9,8
3,ood_mixed,478,5.819941997528076,6.0,16.0,9,8
3,ood_mixed,479,5.472212791442871,5.0,5.0,7,6
3,ood_mixed,480,5.003835678100586,5.0,5.0,5,4
3,ood_mixed,481,5.00654935836792,5.0,4.0,7,6
3,ood_mixed,482,5.00614070892334,5.0,4.0,7,6
3,ood_mixed,483,5.138417720794678,5.0,4.0,9,8
3,ood_mixed,484,5.003746032714844,5.0,4.0,7,2
3,ood_mixed,485,5.00146484375,5.0,4.0,5,4
3,ood_mixed,486,5.225854396820068,5.0,9.0,9,8
3,ood_mixed,487,5.003264427185059,5.0,5.0,7,6
3,ood_mixed,488,5.5334272384643555,6.0,5.0,9,2
3,ood_mixed,489,5.7403950691223145,6.0,10.0,9,8
3,ood_mixed,490,4.986294746398926,5.0,4.0,5,4
3,ood_mixed,491,5.005432605743408,5.0,5.0,5,4
3,ood_mixed,492,5.005594253540039,5.0,4.0,5,4
3,ood_mixed,493,5.0007195472717285,5.0,4.0,5,4
3,ood_mixed,494,5.019019603729248,5.0,5.0,7,6
3,ood_mixed,495,5.003778457641602,5.0,5.0,7,6
3,ood_mixed,496,5.162808895111084,5.0,6.0,7,6
3,ood_mixed,497,4.79661750793457,5.0,3.0,9,2
3,ood_mixed,498,5.023975849151611,5.0,16.0,9,8
3,ood_mixed,499,5.38575553894043,5.0,5.0,7,6
3,ood_mixed,500,5.92250394821167,6.0,5.0,9,8
3,ood_mixed,501,5.048400402069092,5.0,5.0,7,6
3,ood_mixed,502,5.034714698791504,5.0,5.0,7,6
3,ood_mixed,503,5.0224714279174805,5.0,5.0,5,4
3,ood_mixed,504,5.935469627380371,6.0,16.0,9,8
3,ood_mixed,505,4.926155090332031,5.0,4.0,5,4
3,ood_mixed,506,5.016763687133789,5.0,5.0,7,6
3,ood_mixed,507,5.012509822845459,5.0,5.0,5,2
3,ood_mixed,508,5.911696910858154,6.0,6.0,7,6
3,ood_mixed,509,4.99510383605957,5.0,5.0,5,4
3,ood_mixed,510,5.2267584800720215,5.0,5.0,6,2
3,ood_mixed,511,5.08752965927124,5.0,4.0,9,8
4,val,0,4.00118350982666,4.0,4.0,5,2
4,val,1,4.949154376983643,5.0,4.0,5,4
4,val,2,7.008423805236816,7.0,4.0,9,8
4,val,3,6.995060443878174,7.0,3.0,9,8
4,val,4,6.974273681640625,7.0,3.0,9,8
4,val,5,7.031447410583496,7.0,4.0,9,8
4,val,6,4.340095043182373,4.0,4.0,7,6
4,val,7,4.001104354858398,4.0,4.0,7,2
4,val,8,4.0000433921813965,4.0,4.0,7,6
4,val,9,6.355950355529785,6.0,12.0,9,2
4,val,10,4.001406192779541,4.0,4.0,7,6
4,val,11,4.000840187072754,4.0,4.0,7,6
4,val,12,6.992859840393066,7.0,3.0,9,8
4,val,13,4.000033378601074,4.0,4.0,5,4
4,val,14,6.31350564956665,6.0,11.0,9,2
4,val,15,6.985229015350342,7.0,16.0,9,8
4,val,16,6.990871906280518,7.0,4.0,9,8
4,val,17,7.239330768585205,7.0,4.0,9,8
4,val,18,6.981184959411621,7.0,3.0,9,8
4,val,19,4.023203372955322,4.0,4.0,5,4
4,val,20,4.005453586578369,4.0,4.0,5,4
4,val,21,4.589984893798828,5.0,4.0,7,6
4,val,22,6.999124050140381,7.0,3.0,9,2
4,val,23,4.025042533874512,4.0,4.0,5,4
4,val,24,4.000155448913574,4.0,3.0,7,6
4,val,25,4.000081539154053,4.0,4.0,7,6
4,val,26,4.000006675720215,4.0,4.0,5,4
4,val,27,6.493126392364502,6.0,3.0,9,2
4,val,28,4.260224342346191,4.0,4.0,7,2
4,val,29,6.959744930267334,7.0,8.0,9,8
4,val,30,4.042720794677734,4.0,4.0,7,6
4,val,31,3.9653658866882324,4.0,3.0,6,2
4,val,32,4.00010871887207,4.0,4.0,5,4
4,val,33,7.01254940032959,7.0,12.0,9,2
4,val,34,6.7319560050964355,7.0,2.0,9,2
4,val,35,4.142630577087402,4.0,4.0,7,6
4,val,36,3.999199867248535,4.0,3.0,5,4
4,val,37,4.9041595458984375,5.0,4.0,5,4
4,val,38,3.999843120574951,4.0,3.0,8,2
4,val,39,4.001773834228516,4.0,4.0,7,6
4,val,40,4.007632732391357,4.0,4.0,5,4
4,val,41,4.711549758911133,5.0,4.0,6,2
4,val,42,6.019537925720215,6.0,3.0,9,8
4,val,43,4.000619888305664,4.0,4.0,7,6
4,val,44,3.993478775024414,4.0,3.0,5,4
4,val,45,7.00730037689209,7.0,12.0,9,2
4,val,46,4.084814548492432,4.0,4.0,7,6
4,val,47,4.014547824859619,4.0,4.0,5,4
4,val,48,4.0100908279418945,4.0,4.0,8,2
4,val,49,4.000362396240234,4.0,4.0,7,6
4,val,50,7.114110469818115,7.0,6.0,9,2
4,val,51,4.000637531280518,4.0,4.0,7,6
4,val,52,4.002413272857666,4.0,4.0,6,2
4,val,53,4.000147342681885,4.0,4.0,5,4
4,val,54,4.3712544441223145,4.0,4.0,5,4
4,val,55,7.011271953582764,7.0,5.0,9,8
4,val,56,4.745917320251465,5.0,4.0,7,6
4,val,57,4.00499153137207,4.0,4.0,7,6
4,val,58,4.000767707824707,4.0,4.0,8,2
4,val,59,4.003866672515869,4.0,4.0,5,4
4,val,60,6.706307411193848,7.0,3.0,9,2
4,val,61,4.000330448150635,4.0,4.0,8,2
4,val,62,6.011150360107422,6.0,9.0,9,8
4,val,63,4.0000529289245605,4.0,3.0,7,2
4,val,64,4.000475883483887,4.0,4.0,6,2
4,val,65,6.946399211883545,7.0,2.0,9,8
4,val,66,4.377449035644531,4.0,4.0,5,2
4,val,67,4.000600337982178,4.0,4.0,5,2
4,val,68,7.001584529876709,7.0,6.0,9,8
4,val,69,6.826426982879639,7.0,2.0,9,8
4,val,70,4.0000505447387695,4.0,3.0,7,6
4,val,71,6.9762043952941895,7.0,3.0,9,2
4,val,72,4.000012397766113,4.0,3.0,5,4
4,val,73,4.000202655792236,4.0,4.0,7,6
4,val,74,4.0000386238098145,4.0,3.0,8,2
4,val,75,7.011116027832031,7.0,3.0,9,8
4,val,76,4.00068998336792,4.0,4.0,5,4
4,val,77,4.01552677154541,4.0,4.0,7,6
4,val,78,4.000695705413818,4.0,4.0,5,4
4,val,79,4.000017166137695,4.0,3.0,5,4
4,val,80,4.0016770362854,4.0,4.0,7,6
4,val,81,7.034498691558838,7.0,11.0,9,8
4,val,82,6.601072311401367,7.0,11.0,9,2
4,val,83,7.271369934082031,7.0,4.0,9,8
4,val,84,4.000103950500488,4.0,4.0,6,2
4,val,85,6.939933776855469,7.0,12.0,9,8
4,val,86,7.023406028747559,7.0,3.0,9,8
4,val,87,6.9487810134887695,7.0,4.0,9,8
4,val,88,4.008312702178955,4.0,4.0,5,4
4,val,89,4.000223636627197,4.0,4.0,7,6
4,val,90,3.9945180416107178,4.0,3.0,5,4
4,val,91,4.000399589538574,4.0,4.0,8,2
4,val,92,4.000370025634766,4.0,4.0,7,6
4,val,93,4.000184535980225,4.0,4.0,5,4
4,val,94,7.182245254516602,7.0,4.0,9,8
4,val,95,6.973781585693359,7.0,3.0,9,2
4,val,96,4.0000081062316895,4.0,4.0,5,4
4,val,97,7.031277179718018,7.0,2.0,9,8
4,val,98,4.033838272094727,4.0,4.0,5,4
4,val,99,4.00161600112915,4.0,4.0,8,2
4,val,100,6.85033655166626,7.0,4.0,9,8
4,val,101,4.020461082458496,4.0,4.0,8,2
4,val,102,7.284801483154297,7.0,16.0,9,8
4,val,103,6.615779876708984,7.0,9.0,9,8
4,val,104,7.063997745513916,7.0,11.0,9,8
4,val,105,4.084321975708008,4.0,4.0,5,4
4,val,106,4.001413822174072,4.0,4.0,7,6
4,val,107,4.571808815002441,5.0,4.0,5,4
4,val,108,4.003142833709717,4.0,4.0,7,6
4,val,109,4.001689434051514,4.0,4.0,5,4
4,val,110,6.788519859313965,7.0,13.0,9,2
4,val,111,4.0009050369262695,4.0,4.0,8,2
4,val,112,6.9702630043029785,7.0,3.0,9,8
4,val,113,4.675105571746826,5.0,4.0,7,2
4,val,114,4.005264759063721,4.0,4.0,7,6
4,val,115,4.0002360343933105,4.0,4.0,8,2
4,val,116,4.004638671875,4.0,4.0,5,4
4,val,117,4.05629825592041,4.0,4.0,5,4
4,val,118,6.986824035644531,7.0,16.0,9,2
4,val,119,4.00893497467041,4.0,4.0,5,4
4,val,120,7.0249342918396,7.0,3.0,9,8
4,val,121,4.25533390045166,4.0,4.0,7,6
4,val,122,7.011983871459961,7.0,6.0,9,8
4,val,123,4.9989471435546875,5.0,5.0,7,6
4,val,124,4.000201225280762,4.0,4.0,7,2
4,val,125,6.468194961547852,6.0,8.0,9,8
4,val,126,4.000211715698242,4.0,4.0,7,6
4,val,127,4.000129699707031,4.0,4.0,5,4
4,val,128,6.969356536865234,7.0,4.0,9,2
4,val,129,7.2248711585998535,7.0,3.0,9,8
4,val,130,4.869680404663086,5.0,4.0,5,4
4,val,131,4.120137691497803,4.0,4.0,7,6
4,val,132,7.007251739501953,7.0,16.0,9,2
4,val,133,4.001734733581543,4.0,4.0,5,4
4,val,134,4.000400543212891,4.0,4.0,5,2
4,val,135,4.002079010009766,4.0,4.0,8,2
4,val,136,4.948890209197998,5.0,4.0,5,4
4,val,137,4.000932693481445,4.0,4.0,7,6
4,val,138,4.999755859375,5.0,5.0,7,6
4,val,139,4.0020012855529785,4.0,4.0,5,4
4,val,140,6.988071918487549,7.0,11.0,9,8
4,val,141,7.454713821411133,7.0,3.0,9,8
4,val,142,3.999995708465576,4.0,3.0,6,2
4,val,143,4.007137775421143,4.0,4.0,7,6
4,val,144,4.066100120544434,4.0,4.0,5,4
4,val,145,4.003505229949951,4.0,4.0,7,6
4,val,146,6.916713714599609,7.0,3.0,9,8
4,val,147,4.000255107879639,4.0,4.0,8,2
4,val,148,4.0146660804748535,4.0,4.0,5,4
4,val,149,7.011355400085449,7.0,13.0,9,2
4,val,150,4.001559257507324,4.0,4.0,7,6
4,val,151,4.000003814697266,4.0,4.0,8,2
4,val,152,6.692131996154785,7.0,12.0,9,2
4,val,153,6.166200160980225,6.0,12.0,9,8
4,val,154,6.6352314949035645,7.0,3.0,9,8
4,val,155,6.997197151184082,7.0,3.0,9,8
4,val,156,4.000014305114746,4.0,3.0,5,4
4,val,157,6.851355075836182,7.0,6.0,9,8
4,val,158,4.0001373291015625,4.0,4.0,5,4
4,val,159,4.002513885498047,4.0,4.0,5,4
4,val,160,6.998851299285889,7.0,14.0,9,8
4,val,161,4.101654052734375,4.0,4.0,7,6
4,val,162,5.973267078399658,6.0,3.0,9,2
4,val,163,4.000026702880859,4.0,4.0,5,4
4,val,164,6.996805667877197,7.0,3.0,9,8
4,val,165,4.9428253173828125,5.0,4.0,7,6
4,val,166,4.426918029785156,4.0,4.0,7,6
4,val,167,4.049193859100342,4.0,4.0,7,6
4,val,168,4.032418727874756,4.0,4.0,7,6
4,val,169,4.712613105773926,5.0,4.0,5,4
4,val,170,4.000332355499268,4.0,4.0,7,6
4,val,171,6.933114528656006,7.0,11.0,9,2
4,val,172,4.000057220458984,4.0,4.0,7,6
4,val,173,4.540130138397217,5.0,4.0,5,4
4,val,174,4.0068278312683105,4.0,4.0,5,4
4,val,175,4.000133991241455,4.0,4.0,7,6
4,val,176,4.005642890930176,4.0,4.0,7,6
4,val,177,4.000194549560547,4.0,4.0,5,4
4,val,178,4.372843265533447,4.0,4.0,7,6
4,val,179,7.000797748565674,7.0,3.0,9,8
4,val,180,7.003059387207031,7.0,2.0,9,2
4,val,181,3.9999969005584717,4.0,3.0,7,6
4,val,182,4.000038146972656,4.0,4.0,6,2
4,val,183,4.001101016998291,4.0,4.0,7,6
4,val,184,6.425879001617432,6.0,3.0,9,2
4,val,185,4.048611640930176,4.0,4.0,7,6
4,val,186,4.000241279602051,4.0,4.0,7,6
4,val,187,4.000088691711426,4.0,4.0,7,6
4,val,188,4.271725654602051,4.0,4.0,8,2
4,val,189,7.030379295349121,7.0,3.0,9,8
4,val,190,4.001589298248291,4.0,4.0,8,2
4,val,191,7.002414703369141,7.0,3.0,9,8
4,val,192,4.004039287567139,4.0,4.0,6,2
4,val,193,6.979454040527344,7.0,4.0,9,8
4,val,194,6.706585884094238,7.0,3.0,9,8
4,val,195,4.081891059875488,4.0,4.0,7,6
4,val,196,4.062220573425293,4.0,4.0,8,2
4,val,197,4.024518966674805,4.0,4.0,7,6
4,val,198,4.0196356773376465,4.0,4.0,7,6
4,val,199,6.951030731201172,7.0,12.0,9,2
4,val,200,6.982067584991455,7.0,12.0,9,2
4,val,201,6.539663314819336,7.0,3.0,9,8
4,val,202,4.0095744132995605,4.0,4.0,7,6
4,val,203,4.000594139099121,4.0,4.0,7,6
4,val,204,4.000236988067627,4.0,4.0,8,2
4,val,205,4.632847785949707,5.0,4.0,7,6
4,val,206,4.000959396362305,4.0,4.0,8,2
4,val,207,4.045736312866211,4.0,4.0,8,2
4,val,208,4.000495433807373,4.0,4.0,5,4
4,val,209,4.000053882598877,4.0,3.0,5,4
4,val,210,6.742971420288086,7.0,3.0,9,8
4,val,211,4.031095504760742,4.0,4.0,5,4
4,val,212,4.011048316955566,4.0,4.0,6,2
4,val,213,6.934999465942383,7.0,3.0,9,8
4,val,214,6.999682903289795,7.0,3.0,9,8
4,val,215,4.551609992980957,5.0,4.0,5,4
4,val,216,7.075848579406738,7.0,13.0,9,2
4,val,217,4.000110626220703,4.0,4.0,5,4
4,val,218,6.760823726654053,7.0,13.0,9,2
4,val,219,4.006351470947266,4.0,4.0,7,2
4,val,220,7.00423526763916,7.0,9.0,9,8
4,val,221,6.935454368591309,7.0,5.0,9,8
4,val,222,4.001081943511963,4.0,4.0,7,6
4,val,223,4.000014781951904,4.0,3.0,5,4
4,val,224,4.000044345855713,4.0,4.0,5,4
4,val,225,4.000238418579102,4.0,4.0,7,6
4,val,226,4.017096042633057,4.0,4.0,6,2
4,val,227,4.001534938812256,4.0,4.0,8,2
4,val,228,4.011225700378418,4.0,4.0,8,2
4,val,229,7.00459098815918,7.0,10.0,9,2
4,val,230,4.007967948913574,4.0,4.0,7,6
4,val,231,6.998164653778076,7.0,12.0,9,8
4,val,232,4.000426769256592,4.0,4.0,5,4
4,val,233,4.853002071380615,5.0,4.0,5,4
4,val,234,4.00403356552124,4.0,4.0,5,4
4,val,235,4.000188827514648,4.0,4.0,5,4
4,val,236,4.000367641448975,4.0,4.0,5,4
4,val,237,6.350781440734863,6.0,16.0,9,8
4,val,238,6.919538497924805,7.0,7.0,9,8
4,val,239,4.000446796417236,4.0,4.0,8,2
4,val,240,6.9486188888549805,7.0,11.0,9,8
4,val,241,6.989099502563477,7.0,2.0,9,8
4,val,242,6.244281768798828,6.0,8.0,9,8
4,val,243,3.999215841293335,4.0,3.0,5,4
4,val,244,7.008704662322998,7.0,13.0,9,2
4,val,245,7.005425453186035,7.0,10.0,9,8
4,val,246,6.968564987182617,7.0,12.0,9,8
4,val,247,4.008692264556885,4.0,4.0,5,4
4,val,248,4.000057220458984,4.0,3.0,7,6
4,val,249,4.483597755432129,4.0,4.0,5,4
4,val,250,6.9245429039001465,7.0,2.0,9,8
4,val,251,4.000174522399902,4.0,4.0,7,6
4,val,252,4.000104904174805,4.0,4.0,5,4
4,val,253,7.000080585479736,7.0,13.0,9,8
4,val,254,4.771655559539795,5.0,4.0,5,4
4,val,255,6.977862358093262,7.0,12.0,9,8
4,val,256,4.223031520843506,4.0,4.0,7,6
4,val,257,6.973934650421143,7.0,3.0,9,8
4,val,258,4.08513069152832,4.0,4.0,7,6
4,val,259,6.954741954803467,7.0,2.0,9,8
4,val,260,7.4752607345581055,7.0,12.0,9,8
4,val,261,6.998516082763672,7.0,3.0,9,2
4,val,262,7.008381366729736,7.0,3.0,9,8
4,val,263,4.0091047286987305,4.0,4.0,7,6
4,val,264,4.001489162445068,4.0,4.0,5,4
4,val,265,4.000424385070801,4.0,4.0,5,4
4,val,266,6.234661102294922,6.0,4.0,9,8
4,val,267,4.010634899139404,4.0,4.0,8,2
4,val,268,6.948039531707764,7.0,8.0,9,8
4,val,269,6.778317928314209,7.0,4.0,9,8
4,val,270,4.233932018280029,4.0,4.0,5,4
4,val,271,6.874364376068115,7.0,3.0,9,2
4,val,272,4.021103382110596,4.0,4.0,5,4
4,val,273,7.318995475769043,7.0,16.0,9,8
4,val,274,6.973682403564453,7.0,3.0,9,8
4,val,275,4.0088419914245605,4.0,4.0,5,4
4,val,276,4.7093353271484375,5.0,4.0,8,2
4,val,277,4.996827125549316,5.0,4.0,6,2
4,val,278,4.003533840179443,4.0,4.0,5,4
4,val,279,6.310432434082031,6.0,12.0,9,2
4,val,280,4.000423431396484,4.0,4.0,7,2
4,val,281,4.005722999572754,4.0,4.0,5,4
4,val,282,4.000289440155029,4.0,4.0,5,4
4,val,283,4.000036716461182,4.0,4.0,8,2
4,val,284,3.999356985092163,4.0,3.0,5,4
4,val,285,4.00375509262085,4.0,4.0,7,6
4,val,286,4.0191545486450195,4.0,4.0,5,4
4,val,287,4.000040531158447,4.0,4.0,7,6
4,val,288,6.991996765136719,7.0,16.0,9,8
4,val,289,7.68117618560791,8.0,6.0,9,8
4,val,290,3.9990973472595215,4.0,3.0,8,2
4,val,291,4.002047538757324,4.0,4.0,7,6
4,val,292,4.018011093139648,4.0,4.0,5,4
4,val,293,6.145666599273682,6.0,11.0,9,8
4,val,294,4.0000433921813965,4.0,4.0,5,4
4,val,295,4.002696990966797,4.0,4.0,5,4
4,val,296,4.000062942504883,4.0,4.0,7,6
4,val,297,6.9446024894714355,7.0,3.0,9,2
4,val,298,6.699118137359619,7.0,4.0,9,2
4,val,299,5.971426010131836,6.0,4.0,9,8
4,val,300,4.079461097717285,4.0,4.0,8,2
4,val,301,4.055832386016846,4.0,4.0,7,6
4,val,302,4.00068998336792,4.0,4.0,8,2
4,val,303,4.000164985656738,4.0,4.0,5,4
4,val,304,7.0756964683532715,7.0,3.0,9,8
4,val,305,4.000176429748535,4.0,4.0,6,2
4,val,306,4.000369071960449,4.0,4.0,7,6
4,val,307,4.000472068786621,4.0,4.0,7,6
4,val,308,4.448612213134766,4.0,4.0,5,4
4,val,309,7.040289878845215,7.0,12.0,9,2
4,val,310,4.039095878601074,4.0,4.0,5,2
4,val,311,6.905575275421143,7.0,7.0,9,8
4,val,312,6.990409851074219,7.0,13.0,9,2
4,val,313,6.014283657073975,6.0,8.0,9,8
4,val,314,4.005237579345703,4.0,4.0,7,6
4,val,315,6.518620491027832,7.0,4.0,9,8
4,val,316,6.4565582275390625,6.0,4.0,9,8
4,val,317,6.83989953994751,7.0,3.0,9,2
4,val,318,6.15821647644043,6.0,3.0,9,8
4,val,319,4.001545429229736,4.0,4.0,7,2
4,val,320,3.9999098777770996,4.0,3.0,5,4
4,val,321,7.041370868682861,7.0,15.0,9,2
4,val,322,4.019340515136719,4.0,4.0,7,6
4,val,323,4.055779933929443,4.0,4.0,7,2
4,val,324,7.016011714935303,7.0,12.0,9,2
4,val,325,4.099822521209717,4.0,4.0,5,4
4,val,326,6.928114414215088,7.0,14.0,9,2
4,val,327,6.101599216461182,6.0,4.0,9,8
4,val,328,7.003909111022949,7.0,4.0,9,8
4,val,329,4.002864360809326,4.0,4.0,5,4
4,val,330,4.206332683563232,4.0,4.0,6,2
4,val,331,4.013197898864746,4.0,4.0,7,6
4,val,332,4.002675533294678,4.0,4.0,5,4
4,val,333,3.9994983673095703,4.0,3.0,7,2
4,val,334,6.781185626983643,7.0,13.0,9,2
4,val,335,4.004061222076416,4.0,4.0,6,2
4,val,336,4.0006914138793945,4.0,4.0,5,4
4,val,337,6.782289981842041,7.0,3.0,9,8
4,val,338,4.001543045043945,4.0,4.0,8,2
4,val,339,6.194438934326172,6.0,16.0,9,8
4,val,340,4.0030927658081055,4.0,4.0,7,2
4,val,341,6.256579399108887,6.0,4.0,9,8
4,val,342,4.00039005279541,4.0,4.0,7,6
4,val,343,4.010316371917725,4.0,4.0,6,2
4,val,344,6.964099407196045,7.0,9.0,9,8
4,val,345,4.000254154205322,4.0,4.0,5,4
4,val,346,4.9924492835998535,5.0,5.0,7,6
4,val,347,4.000467300415039,4.0,4.0,5,4
4,val,348,4.000816345214844,4.0,4.0,6,2
4,val,349,4.006922245025635,4.0,4.0,5,4
4,val,350,3.985677719116211,4.0,3.0,5,4
4,val,351,4.000653266906738,4.0,4.0,7,6
4,val,352,4.001365661621094,4.0,4.0,7,6
4,val,353,4.0014801025390625,4.0,4.0,5,4
4,val,354,7.001492977142334,7.0,2.0,9,8
4,val,355,7.005629062652588,7.0,12.0,9,2
4,val,356,6.905812740325928,7.0,3.0,9,8
4,val,357,4.052832126617432,4.0,4.0,5,4
4,val,358,6.930246829986572,7.0,5.0,9,2
4,val,359,4.020009517669678,4.0,4.0,6,2
4,val,360,6.887545585632324,7.0,3.0,9,2
4,val,361,4.074998378753662,4.0,4.0,8,2
4,val,362,4.000068664550781,4.0,3.0,5,4
4,val,363,3.999976873397827,4.0,3.0,7,6
4,val,364,6.9603352546691895,7.0,16.0,9,2
4,val,365,4.008235454559326,4.0,4.0,7,6
4,val,366,4.156319618225098,4.0,4.0,5,4
4,val,367,4.228190898895264,4.0,4.0,7,6
4,val,368,4.000063896179199,4.0,4.0,8,2
4,val,369,4.9985032081604,5.0,4.0,7,2
4,val,370,6.956396579742432,7.0,3.0,9,2
4,val,371,4.0004777908325195,4.0,4.0,7,6
4,val,372,4.000275611877441,4.0,4.0,7,6
4,val,373,4.004430294036865,4.0,4.0,7,6
4,val,374,6.911349296569824,7.0,3.0,9,8
4,val,375,4.000255584716797,4.0,4.0,8,2
4,val,376,6.107543468475342,6.0,7.0,9,8
4,val,377,4.007130146026611,4.0,4.0,5,4
4,val,378,4.010253429412842,4.0,4.0,7,6
4,val,379,7.009706974029541,7.0,3.0,9,8
4,val,380,6.134480953216553,6.0,3.0,9,8
4,val,381,4.258810520172119,4.0,4.0,7,6
4,val,382,6.999763488769531,7.0,4.0,9,8
4,val,383,6.9675469398498535,7.0,3.0,9,8
4,val,384,7.991343975067139,8.0,10.0,9,8
4,val,385,6.043391704559326,6.0,2.0,9,8
4,val,386,7.271239280700684,7.0,13.0,9,2
4,val,387,4.074958801269531,4.0,4.0,5,4
4,val,388,4.008808612823486,4.0,4.0,5,4
4,val,389,6.845148086547852,7.0,3.0,9,8
4,val,390,7.008673667907715,7.0,16.0,9,8
4,val,391,7.804921627044678,8.0,4.0,9,8
4,val,392,6.596378326416016,7.0,3.0,9,8
4,val,393,4.0363898277282715,4.0,4.0,8,2
4,val,394,4.011080265045166,4.0,4.0,7,2
4,val,395,4.495935440063477,4.0,4.0,7,6
4,val,396,4.027083873748779,4.0,4.0,5,4
4,val,397,6.998915195465088,7.0,13.0,9,2
4,val,398,4.998467445373535,5.0,4.0,5,4
4,val,399,4.030737400054932,4.0,4.0,7,6
4,val,400,4.679883003234863,5.0,4.0,6,2
4,val,401,4.000842094421387,4.0,4.0,7,6
4,val,402,4.054991722106934,4.0,4.0,7,6
4,val,403,4.000495910644531,4.0,4.0,5,4
4,val,404,3.9998698234558105,4.0,3.0,7,6
4,val,405,5.000002861022949,5.0,5.0,7,6
4,val,406,4.499884605407715,4.0,4.0,5,4
4,val,407,6.9973297119140625,7.0,7.0,9,8
4,val,408,6.987870693206787,7.0,3.0,9,8
4,val,409,4.016577243804932,4.0,4.0,5,4
4,val,410,6.970088005065918,7.0,2.0,9,8
4,val,411,4.001789093017578,4.0,4.0,7,6
4,val,412,4.003125190734863,4.0,4.0,7,6
4,val,413,6.980956554412842,7.0,10.0,9,8
4,val,414,3.9999728202819824,4.0,3.0,7,6
4,val,415,6.914631366729736,7.0,5.0,9,2
4,val,416,4.665410041809082,5.0,4.0,8,2
4,val,417,6.019652843475342,6.0,4.0,9,2
4,val,418,4.000039100646973,4.0,3.0,5,2
4,val,419,4.009856224060059,4.0,4.0,7,6
4,val,420,6.710692882537842,7.0,13.0,9,8
4,val,421,6.996074199676514,7.0,4.0,9,8
4,val,422,6.294339179992676,6.0,9.0,9,8
4,val,423,4.009346008300781,4.0,4.0,7,6
4,val,424,4.0028300285339355,4.0,4.0,5,4
4,val,425,4.0102105140686035,4.0,4.0,7,6
4,val,426,6.934985160827637,7.0,16.0,9,2
4,val,427,4.000139236450195,4.0,4.0,7,6
4,val,428,4.00015926361084,4.0,4.0,7,6
4,val,429,7.011415481567383,7.0,11.0,9,8
4,val,430,7.031574726104736,7.0,14.0,9,8
4,val,431,6.925878524780273,7.0,3.0,9,8
4,val,432,6.840233325958252,7.0,9.0,9,8
4,val,433,4.000608444213867,4.0,4.0,8,2
4,val,434,4.000015735626221,4.0,4.0,5,4
4,val,435,6.097641944885254,6.0,4.0,9,8
4,val,436,6.988952159881592,7.0,16.0,9,8
4,val,437,7.000552654266357,7.0,16.0,9,8
4,val,438,6.950354099273682,7.0,16.0,9,2
4,val,439,4.468658447265625,4.0,4.0,8,2
4,val,440,4.000150203704834,4.0,4.0,5,2
4,val,441,6.964715480804443,7.0,3.0,9,8
4,val,442,7.089982032775879,7.0,14.0,9,8
4,val,443,4.000792026519775,4.0,4.0,7,6
4,val,444,7.030629634857178,7.0,3.0,9,8
4,val,445,6.878368377685547,7.0,13.0,9,8
4,val,446,3.9998998641967773,4.0,3.0,5,4
4,val,447,4.175741672515869,4.0,4.0,8,2
4,val,448,4.767585754394531,5.0,4.0,7,2
4,val,449,4.005188941955566,4.0,4.0,7,2
4,val,450,7.004654407501221,7.0,3.0,9,8
4,val,451,7.619955062866211,8.0,5.0,9,8
4,val,452,7.895480155944824,8.0,3.0,9,8
4,val,453,6.6046037673950195,7.0,3.0,9,8
4,val,454,4.9292097091674805,5.0,5.0,7,6
4,val,455,4.020197868347168,4.0,4.0,7,6
4,val,456,4.000127792358398,4.0,4.0,5,4
4,val,457,4.001503944396973,4.0,4.0,7,2
4,val,458,4.10669469833374,4.0,4.0,7,6
4,val,459,4.001798152923584,4.0,4.0,7,6
4,val,460,4.000930309295654,4.0,4.0,7,2
4,val,461,4.000550746917725,4.0,4.0,5,4
4,val,462,6.817225933074951,7.0,3.0,9,8
4,val,463,4.0342535972595215,4.0,4.0,5,4
4,val,464,4.001177787780762,4.0,4.0,7,6
4,val,465,4.004532337188721,4.0,4.0,5,4
4,val,466,4.000024318695068,4.0,3.0,7,6
4,val,467,4.000984191894531,4.0,4.0,5,4
4,val,468,6.988560199737549,7.0,12.0,9,8
4,val,469,6.020418167114258,6.0,7.0,9,8
4,val,470,4.003607749938965,4.0,4.0,7,6
4,val,471,6.975893497467041,7.0,3.0,9,8
4,val,472,6.01244592666626,6.0,3.0,9,8
4,val,473,4.514954566955566,5.0,4.0,7,6
4,val,474,4.024489402770996,4.0,4.0,7,6
4,val,475,4.000036239624023,4.0,4.0,5,4
4,val,476,4.000002861022949,4.0,3.0,7,6
4,val,477,4.001518249511719,4.0,4.0,7,6
4,val,478,4.073558330535889,4.0,4.0,5,4
4,val,479,4.142983913421631,4.0,4.0,8,2
4,val,480,4.000570774078369,4.0,4.0,7,6
4,val,481,6.896553039550781,7.0,11.0,9,2
4,val,482,4.060534954071045,4.0,4.0,7,6
4,val,483,4.000356674194336,4.0,4.0,7,6
4,val,484,7.017701625823975,7.0,11.0,9,8
4,val,485,4.006199359893799,4.0,4.0,8,2
4,val,486,4.000889778137207,4.0,4.0,7,2
4,val,487,4.000054359436035,4.0,4.0,5,4
4,val,488,4.002380847930908,4.0,4.0,7,6
4,val,489,4.001218318939209,4.0,4.0,7,6
4,val,490,4.000359535217285,4.0,4.0,5,4
4,val,491,7.0284953117370605,7.0,3.0,9,8
4,val,492,4.0001020431518555,4.0,4.0,8,2
4,val,493,6.996737957000732,7.0,16.0,9,8
4,val,494,4.9563751220703125,5.0,4.0,6,2
4,val,495,4.106997489929199,4.0,4.0,5,4
4,val,496,6.595157146453857,7.0,3.0,9,8
4,val,497,7.003423690795898,7.0,3.0,9,8
4,val,498,4.001944065093994,4.0,4.0,8,2
4,val,499,7.021790027618408,7.0,12.0,9,2
4,val,500,6.775556564331055,7.0,11.0,9,8
4,val,501,4.00005578994751,4.0,4.0,5,4
4,val,502,6.979710102081299,7.0,2.0,9,8
4,val,503,4.0023040771484375,4.0,4.0,7,2
4,val,504,4.000022888183594,4.0,3.0,5,4
4,val,505,4.0307722091674805,4.0,4.0,5,4
4,val,506,7.008690357208252,7.0,4.0,9,8
4,val,507,7.000267505645752,7.0,3.0,9,8
4,val,508,6.963872909545898,7.0,2.0,9,8
4,val,509,4.000482559204102,4.0,4.0,5,4
4,val,510,6.983360767364502,7.0,11.0,9,8
4,val,511,4.000027656555176,4.0,3.0,7,6
4,ood_mixed,0,6.89105224609375,7.0,16.0,9,2
4,ood_mixed,1,4.829837799072266,5.0,4.0,7,6
4,ood_mixed,2,4.000102519989014,4.0,4.0,7,6
4,ood_mixed,3,4.000038146972656,4.0,4.0,7,2
4,ood_mixed,4,4.001546859741211,4.0,4.0,8,2
4,ood_mixed,5,4.131038188934326,4.0,4.0,7,6
4,ood_mixed,6,4.000324726104736,4.0,4.0,5,4
4,ood_mixed,7,4.000101089477539,4.0,4.0,7,2
4,ood_mixed,8,3.999980926513672,4.0,3.0,8,2
4,ood_mixed,9,7.008298397064209,7.0,14.0,9,8
4,ood_mixed,10,4.000000953674316,4.0,3.0,5,4
4,ood_mixed,11,6.993504047393799,7.0,4.0,9,8
4,ood_mixed,12,4.000476837158203,4.0,4.0,7,6
4,ood_mixed,13,6.967532157897949,7.0,3.0,9,8
4,ood_mixed,14,4.219859600067139,4.0,4.0,5,4
4,ood_mixed,15,4.18557596206665,4.0,4.0,5,4
4,ood_mixed,16,4.200263023376465,4.0,4.0,5,4
4,ood_mixed,17,4.001153469085693,4.0,4.0,7,6
4,ood_mixed,18,4.001246929168701,4.0,4.0,5,4
4,ood_mixed,19,4.8829426765441895,5.0,4.0,5,2
4,ood_mixed,20,6.923458099365234,7.0,3.0,9,8
4,ood_mixed,21,4.002068042755127,4.0,4.0,7,6
4,ood_mixed,22,4.003391742706299,4.0,4.0,7,2
4,ood_mixed,23,7.957264423370361,8.0,13.0,9,2
4,ood_mixed,24,4.044652462005615,4.0,4.0,5,4
4,ood_mixed,25,4.575987815856934,5.0,4.0,7,6
4,ood_mixed,26,4.999666690826416,5.0,5.0,7,6
4,ood_mixed,27,6.7898993492126465,7.0,8.0,9,8
4,ood_mixed,28,6.996387481689453,7.0,13.0,9,2
4,ood_mixed,29,6.979292392730713,7.0,9.0,9,8
4,ood_mixed,30,6.766700267791748,7.0,6.0,9,8
4,ood_mixed,31,4.000010967254639,4.0,4.0,5,4
4,ood_mixed,32,4.000385761260986,4.0,4.0,8,2
4,ood_mixed,33,4.862194061279297,5.0,4.0,5,4
4,ood_mixed,34,4.000028133392334,4.0,4.0,7,6
4,ood_mixed,35,3.99998140335083,4.0,3.0,7,6
4,ood_mixed,36,4.009537696838379,4.0,4.0,5,4
4,ood_mixed,37,4.000443935394287,4.0,4.0,5,4
4,ood_mixed,38,7.393707752227783,7.0,4.0,9,8
4,ood_mixed,39,7.967319488525391,8.0,5.0,9,8
4,ood_mixed,40,3.9999382495880127,4.0,3.0,5,4
4,ood_mixed,41,3.998823404312134,4.0,3.0,7,6
4,ood_mixed,42,7.126159191131592,7.0,3.0,9,2
4,ood_mixed,43,4.0002264976501465,4.0,4.0,5,4
4,ood_mixed,44,4.001648902893066,4.0,4.0,5,4
4,ood_mixed,45,4.004883289337158,4.0,4.0,5,4
4,ood_mixed,46,4.000024318695068,4.0,3.0,5,4
4,ood_mixed,47,6.251918315887451,6.0,15.0,9,2
4,ood_mixed,48,6.942679405212402,7.0,13.0,9,2
4,ood_mixed,49,4.081063270568848,4.0,4.0,6,2
4,ood_mixed,50,4.000225067138672,4.0,4.0,7,2
4,ood_mixed,51,7.449448585510254,7.0,3.0,9,8
4,ood_mixed,52,4.132157802581787,4.0,4.0,8,2
4,ood_mixed,53,4.372337818145752,4.0,4.0,8,2
4,ood_mixed,54,6.908526420593262,7.0,3.0,9,8
4,ood_mixed,55,4.710983753204346,5.0,4.0,5,4
4,ood_mixed,56,7.006103038787842,7.0,12.0,9,2
4,ood_mixed,57,6.327436923980713,6.0,4.0,9,8
4,ood_mixed,58,4.000030994415283,4.0,4.0,7,6
4,ood_mixed,59,4.000025749206543,4.0,3.0,7,6
4,ood_mixed,60,4.036234378814697,4.0,4.0,7,6
4,ood_mixed,61,7.879303932189941,8.0,11.0,9,2
4,ood_mixed,62,7.001818656921387,7.0,12.0,9,2
4,ood_mixed,63,4.995480537414551,5.0,5.0,5,4
4,ood_mixed,64,5.000098705291748,5.0,5.0,7,6
4,ood_mixed,65,4.001828193664551,4.0,4.0,7,6
4,ood_mixed,66,6.97757625579834,7.0,13.0,9,8
4,ood_mixed,67,6.116929054260254,6.0,8.0,9,8
4,ood_mixed,68,4.0023932456970215,4.0,4.0,5,4
4,ood_mixed,69,4.000120162963867,4.0,4.0,8,2
4,ood_mixed,70,4.043729305267334,4.0,4.0,5,4
4,ood_mixed,71,6.917868137359619,7.0,12.0,9,8
4,ood_mixed,72,6.9871087074279785,7.0,10.0,9,8
4,ood_mixed,73,4.000052452087402,4.0,3.0,7,2
4,ood_mixed,74,6.988966941833496,7.0,4.0,9,8
4,ood_mixed,75,4.011205673217773,4.0,4.0,5,4
4,ood_mixed,76,4.000095367431641,4.0,4.0,5,4
4,ood_mixed,77,4.00004768371582,4.0,4.0,7,6
4,ood_mixed,78,7.017330646514893,7.0,4.0,9,2
4,ood_mixed,79,7.039079666137695,7.0,6.0,9,8
4,ood_mixed,80,4.068396091461182,4.0,4.0,5,4
4,ood_mixed,81,4.547998905181885,5.0,4.0,7,6
4,ood_mixed,82,4.00028133392334,4.0,4.0,8,2
4,ood_mixed,83,7.00174617767334,7.0,3.0,9,8
4,ood_mixed,84,4.00007963180542,4.0,4.0,7,6
4,ood_mixed,85,4.000110149383545,4.0,4.0,5,4
4,ood_mixed,86,4.014861106872559,4.0,4.0,7,2
4,ood_mixed,87,4.999577522277832,5.0,4.0,5,4
4,ood_mixed,88,4.999791145324707,5.0,5.0,8,2
4,ood_mixed,89,4.03956413269043,4.0,4.0,8,2
4,ood_mixed,90,7.002020835876465,7.0,3.0,9,2
4,ood_mixed,91,4.194452285766602,4.0,4.0,7,6
4,ood_mixed,92,4.0000410079956055,4.0,4.0,7,6
4,ood_mixed,93,4.960792064666748,5.0,4.0,5,2
4,ood_mixed,94,6.802489280700684,7.0,3.0,9,8
4,ood_mixed,95,4.004642486572266,4.0,4.0,6,2
4,ood_mixed,96,4.000125885009766,4.0,4.0,7,6
4,ood_mixed,97,4.000030040740967,4.0,4.0,7,6
4,ood_mixed,98,4.0859785079956055,4.0,4.0,7,6
4,ood_mixed,99,4.387326240539551,4.0,4.0,7,6
4,ood_mixed,100,7.010979175567627,7.0,13.0,9,2
4,ood_mixed,101,4.600161552429199,5.0,4.0,7,6
4,ood_mixed,102,4.00319242477417,4.0,4.0,7,6
4,ood_mixed,103,6.9789533615112305,7.0,12.0,9,8
4,ood_mixed,104,3.999973773956299,4.0,3.0,7,6
4,ood_mixed,105,7.07535457611084,7.0,16.0,9,8
4,ood_mixed,106,4.000184535980225,4.0,4.0,5,4
4,ood_mixed,107,4.000035285949707,4.0,4.0,5,4
4,ood_mixed,108,7.0130791664123535,7.0,8.0,9,8
4,ood_mixed,109,7.0236382484436035,7.0,12.0,9,2
4,ood_mixed,110,4.000064373016357,4.0,4.0,8,2
4,ood_mixed,111,3.983877182006836,4.0,3.0,5,4
4,ood_mixed,112,4.025390148162842,4.0,4.0,6,2
4,ood_mixed,113,6.998590469360352,7.0,11.0,9,8
4,ood_mixed,114,4.001620769500732,4.0,4.0,8,2
4,ood_mixed,115,7.012496471405029,7.0,11.0,9,8
4,ood_mixed,116,3.9998087882995605,4.0,3.0,5,4
4,ood_mixed,117,6.748692512512207,7.0,6.0,9,8
4,ood_mixed,118,7.007000923156738,7.0,2.0,9,8
4,ood_mixed,119,4.002297401428223,4.0,4.0,7,6
4,ood_mixed,120,6.827707767486572,7.0,3.0,9,2
4,ood_mixed,121,4.000484466552734,4.0,4.0,7,6
4,ood_mixed,122,7.013287544250488,7.0,5.0,9,8
4,ood_mixed,123,4.001381874084473,4.0,4.0,7,6
4,ood_mixed,124,4.002689361572266,4.0,4.0,5,4
4,ood_mixed,125,6.695135116577148,7.0,16.0,9,8
4,ood_mixed,126,4.0068793296813965,4.0,4.0,7,2
4,ood_mixed,127,4.196087837219238,4.0,4.0,7,6
4,ood_mixed,128,7.018812656402588,7.0,12.0,9,8
4,ood_mixed,129,4.056941986083984,4.0,4.0,7,6
4,ood_mixed,130,6.88600492477417,7.0,4.0,9,2
4,ood_mixed,131,6.420076847076416,6.0,2.0,9,8
4,ood_mixed,132,4.000052452087402,4.0,4.0,8,2
4,ood_mixed,133,6.9872846603393555,7.0,3.0,9,8
4,ood_mixed,134,4.000426769256592,4.0,4.0,5,4
4,ood_mixed,135,7.1403584480285645,7.0,3.0,9,8
4,ood_mixed,136,4.002511024475098,4.0,4.0,5,4
4,ood_mixed,137,6.8629069328308105,7.0,11.0,9,2
4,ood_mixed,138,7.147828102111816,7.0,3.0,9,8
4,ood_mixed,139,3.99806547164917,4.0,3.0,5,4
4,ood_mixed,140,4.007508754730225,4.0,4.0,5,4
4,ood_mixed,141,6.95652437210083,7.0,12.0,9,2
4,ood_mixed,142,4.000171661376953,4.0,4.0,7,6
4,ood_mixed,143,4.0137038230896,4.0,4.0,7,2
4,ood_mixed,144,7.026834487915039,7.0,3.0,9,8
4,ood_mixed,145,4.0009918212890625,4.0,4.0,5,4
4,ood_mixed,146,4.023377418518066,4.0,4.0,8,2
4,ood_mixed,147,4.739691734313965,5.0,4.0,7,6
4,ood_mixed,148,4.000507354736328,4.0,4.0,7,6
4,ood_mixed,149,4.00199031829834,4.0,4.0,5,4
4,ood_mixed,150,7.0302886962890625,7.0,5.0,9,8
4,ood_mixed,151,6.10021448135376,6.0,2.0,9,8
4,ood_mixed,152,4.5961103439331055,5.0,4.0,5,2
4,ood_mixed,153,6.631096363067627,7.0,3.0,9,8
4,ood_mixed,154,4.0112152099609375,4.0,4.0,7,6
4,ood_mixed,155,6.987637996673584,7.0,3.0,9,8
4,ood_mixed,156,4.00031852722168,4.0,4.0,7,6
4,ood_mixed,157,4.005889415740967,4.0,4.0,5,4
4,ood_mixed,158,4.577934265136719,5.0,4.0,5,4
4,ood_mixed,159,7.004969120025635,7.0,13.0,9,8
4,ood_mixed,160,6.996739387512207,7.0,14.0,9,2
4,ood_mixed,161,4.000028133392334,4.0,4.0,5,4
4,ood_mixed,162,4.002798557281494,4.0,4.0,6,2
4,ood_mixed,163,4.0026535987854,4.0,4.0,6,2
4,ood_mixed,164,4.000044345855713,4.0,4.0,5,4
4,ood_mixed,165,6.566041469573975,7.0,4.0,9,8
4,ood_mixed,166,4.003910541534424,4.0,4.0,8,2
4,ood_mixed,167,4.000204086303711,4.0,4.0,7,6
4,ood_mixed,168,4.000399112701416,4.0,4.0,8,2
4,ood_mixed,169,6.985695838928223,7.0,3.0,9,8
4,ood_mixed,170,4.006503582000732,4.0,4.0,5,4
4,ood_mixed,171,4.005889892578125,4.0,4.0,7,6
4,ood_mixed,172,4.000058650970459,4.0,4.0,7,2
4,ood_mixed,173,4.000975608825684,4.0,4.0,7,2
4,ood_mixed,174,4.022982597351074,4.0,4.0,5,4
4,ood_mixed,175,4.572931289672852,5.0,4.0,7,6
4,ood_mixed,176,6.036637306213379,6.0,2.0,9,8
4,ood_mixed,177,4.000432014465332,4.0,4.0,5,4
4,ood_mixed,178,7.007823944091797,7.0,3.0,9,2
4,ood_mixed,179,4.000824928283691,4.0,4.0,7,6
4,ood_mixed,180,4.01788854598999,4.0,4.0,5,4
4,ood_mixed,181,6.974956035614014,7.0,14.0,9,2
4,ood_mixed,182,6.9802446365356445,7.0,4.0,9,8
4,ood_mixed,183,7.342959403991699,7.0,3.0,9,2
4,ood_mixed,184,3.99996280670166,4.0,3.0,7,6
4,ood_mixed,185,4.0002760887146,4.0,4.0,5,4
4,ood_mixed,186,7.007379531860352,7.0,3.0,9,8
4,ood_mixed,187,4.999688148498535,5.0,4.0,7,2
4,ood_mixed,188,4.00588321685791,4.0,4.0,5,4
4,ood_mixed,189,4.000089645385742,4.0,3.0,7,6
4,ood_mixed,190,6.887759685516357,7.0,3.0,9,8
4,ood_mixed,191,7.042654037475586,7.0,5.0,9,8
4,ood_mixed,192,6.957178115844727,7.0,3.0,9,8
4,ood_mixed,193,4.996417999267578,5.0,5.0,7,6
4,ood_mixed,194,4.025373935699463,4.0,4.0,5,4
4,ood_mixed,195,4.997445106506348,5.0,4.0,7,6
4,ood_mixed,196,4.001946926116943,4.0,4.0,7,6
4,ood_mixed,197,4.000017166137695,4.0,4.0,7,6
4,ood_mixed,198,3.999990940093994,4.0,3.0,5,4
4,ood_mixed,199,6.998863220214844,7.0,3.0,9,8
4,ood_mixed,200,4.000418663024902,4.0,4.0,7,6
4,ood_mixed,201,4.051476001739502,4.0,4.0,7,6
4,ood_mixed,202,7.049947738647461,7.0,4.0,9,8
4,ood_mixed,203,6.429912567138672,6.0,12.0,9,2
4,ood_mixed,204,4.785004615783691,5.0,4.0,5,4
4,ood_mixed,205,3.9997520446777344,4.0,3.0,5,2
4,ood_mixed,206,4.000119209289551,4.0,4.0,5,4
4,ood_mixed,207,3.9999637603759766,4.0,3.0,5,4
4,ood_mixed,208,6.000034809112549,6.0,5.0,9,2
4,ood_mixed,209,4.000053882598877,4.0,4.0,5,4
4,ood_mixed,210,4.007072925567627,4.0,4.0,7,6
4,ood_mixed,211,7.004734516143799,7.0,3.0,9,2
4,ood_mixed,212,6.912964344024658,7.0,4.0,9,2
4,ood_mixed,213,6.943321704864502,7.0,3.0,9,8
4,ood_mixed,214,6.969823360443115,7.0,3.0,9,2
4,ood_mixed,215,4.00008487701416,4.0,3.0,5,4
4,ood_mixed,216,4.0000386238098145,4.0,4.0,5,4
4,ood_mixed,217,6.727367401123047,7.0,2.0,9,8
4,ood_mixed,218,6.866764068603516,7.0,3.0,9,8
4,ood_mixed,219,7.006111145019531,7.0,3.0,9,8
4,ood_mixed,220,4.0001301765441895,4.0,4.0,6,2
4,ood_mixed,221,4.0003156661987305,4.0,4.0,5,4
4,ood_mixed,222,4.000312805175781,4.0,4.0,5,4
4,ood_mixed,223,4.000355243682861,4.0,4.0,7,2
4,ood_mixed,224,6.970597267150879,7.0,2.0,9,8
4,ood_mixed,225,4.4651103019714355,4.0,4.0,7,6
4,ood_mixed,226,4.00297737121582,4.0,4.0,8,2
4,ood_mixed,227,4.959911346435547,5.0,4.0,5,4
4,ood_mixed,228,4.001657485961914,4.0,4.0,8,2
4,ood_mixed,229,4.00033712387085,4.0,4.0,5,4
4,ood_mixed,230,4.658233642578125,5.0,4.0,7,6
4,ood_mixed,231,6.052121639251709,6.0,8.0,9,8
4,ood_mixed,232,6.979739665985107,7.0,7.0,9,8
4,ood_mixed,233,4.0509724617004395,4.0,4.0,5,4
4,ood_mixed,234,6.513143062591553,7.0,3.0,9,2
4,ood_mixed,235,4.009888172149658,4.0,4.0,7,6
4,ood_mixed,236,4.997023105621338,5.0,4.0,8,2
4,ood_mixed,237,3.999922752380371,4.0,3.0,5,4
4,ood_mixed,238,7.987272262573242,8.0,8.0,9,2
4,ood_mixed,239,4.000030040740967,4.0,4.0,5,4
4,ood_mixed,240,4.000030517578125,4.0,3.0,8,2
4,ood_mixed,241,4.008739471435547,4.0,4.0,8,2
4,ood_mixed,242,4.000349044799805,4.0,4.0,6,2
4,ood_mixed,243,7.011892318725586,7.0,3.0,9,8
4,ood_mixed,244,4.707962989807129,5.0,4.0,7,6
4,ood_mixed,245,4.000053405761719,4.0,4.0,6,2
4,ood_mixed,246,7.495471000671387,7.0,8.0,9,8
4,ood_mixed,247,4.000029563903809,4.0,4.0,7,6
4,ood_mixed,248,6.934698104858398,7.0,3.0,9,2
4,ood_mixed,249,4.5178399085998535,5.0,4.0,5,4
4,ood_mixed,250,6.990747451782227,7.0,11.0,9,8
4,ood_mixed,251,4.000475883483887,4.0,4.0,5,4
4,ood_mixed,252,4.000321388244629,4.0,4.0,5,4
4,ood_mixed,253,4.998422622680664,5.0,5.0,5,4
4,ood_mixed,254,6.677262306213379,7.0,3.0,9,2
4,ood_mixed,255,4.000545978546143,4.0,4.0,8,2
4,ood_mixed,256,4.124438762664795,4.0,4.0,6,2
4,ood_mixed,257,6.922017574310303,7.0,6.0,9,8
4,ood_mixed,258,4.00057315826416,4.0,4.0,5,4
4,ood_mixed,259,4.0020365715026855,4.0,4.0,7,6
4,ood_mixed,260,4.001187801361084,4.0,4.0,7,6
4,ood_mixed,261,6.816365718841553,7.0,12.0,9,8
4,ood_mixed,262,4.003357410430908,4.0,4.0,7,6
4,ood_mixed,263,7.002856254577637,7.0,11.0,9,8
4,ood_mixed,264,4.911401748657227,5.0,4.0,5,4
4,ood_mixed,265,4.022354602813721,4.0,4.0,5,4
4,ood_mixed,266,6.998746395111084,7.0,4.0,9,8
4,ood_mixed,267,6.875275611877441,7.0,8.0,9,8
4,ood_mixed,268,4.000361442565918,4.0,4.0,5,4
4,ood_mixed,269,6.042463779449463,6.0,13.0,9,2
4,ood_mixed,270,4.000093936920166,4.0,4.0,7,6
4,ood_mixed,271,4.000611782073975,4.0,4.0,5,4
4,ood_mixed,272,7.001272201538086,7.0,3.0,9,8
4,ood_mixed,273,4.001976490020752,4.0,4.0,8,2
4,ood_mixed,274,4.000063896179199,4.0,3.0,7,6
4,ood_mixed,275,4.000017166137695,4.0,3.0,8,2
4,ood_mixed,276,6.995214462280273,7.0,16.0,9,8
4,ood_mixed,277,4.0002617835998535,4.0,4.0,7,6
4,ood_mixed,278,4.0007805824279785,4.0,4.0,7,6
4,ood_mixed,279,4.00258207321167,4.0,4.0,8,2
4,ood_mixed,280,6.691042900085449,7.0,3.0,9,8
4,ood_mixed,281,4.000021457672119,4.0,3.0,5,4
4,ood_mixed,282,7.001608848571777,7.0,3.0,9,2
4,ood_mixed,283,4.0091447830200195,4.0,4.0,7,6
4,ood_mixed,284,4.000062465667725,4.0,4.0,7,6
4,ood_mixed,285,4.000079154968262,4.0,4.0,6,2
4,ood_mixed,286,6.997004508972168,7.0,10.0,9,8
4,ood_mixed,287,4.233426094055176,4.0,4.0,7,6
4,ood_mixed,288,6.903625011444092,7.0,3.0,9,8
4,ood_mixed,289,4.000654220581055,4.0,4.0,7,6
4,ood_mixed,290,6.926097869873047,7.0,16.0,9,8
4,ood_mixed,291,6.994815826416016,7.0,3.0,9,8
4,ood_mixed,292,4.00744104385376,4.0,4.0,5,4
4,ood_mixed,293,4.977601528167725,5.0,5.0,7,6
4,ood_mixed,294,6.01418399810791,6.0,2.0,9,8
4,ood_mixed,295,4.000151634216309,4.0,4.0,5,4
4,ood_mixed,296,4.002261638641357,4.0,4.0,5,4
4,ood_mixed,297,4.000118255615234,4.0,3.0,7,6
4,ood_mixed,298,4.000160217285156,4.0,4.0,7,6
4,ood_mixed,299,4.001555442810059,4.0,4.0,7,6
4,ood_mixed,300,4.150174140930176,4.0,4.0,8,2
4,ood_mixed,301,4.002044677734375,4.0,4.0,5,4
4,ood_mixed,302,6.974429130554199,7.0,11.0,9,2
4,ood_mixed,303,4.000792503356934,4.0,4.0,5,4
4,ood_mixed,304,4.000143051147461,4.0,4.0,7,6
4,ood_mixed,305,7.076269626617432,7.0,3.0,9,8
4,ood_mixed,306,4.000548362731934,4.0,4.0,6,2
4,ood_mixed,307,4.2602410316467285,4.0,4.0,5,4
4,ood_mixed,308,6.982608318328857,7.0,3.0,9,8
4,ood_mixed,309,6.419914245605469,6.0,16.0,9,8
4,ood_mixed,310,4.004618167877197,4.0,4.0,5,4
4,ood_mixed,311,7.0157694816589355,7.0,3.0,9,8
4,ood_mixed,312,4.0005693435668945,4.0,4.0,5,4
4,ood_mixed,313,4.021579265594482,4.0,4.0,5,4
4,ood_mixed,314,4.000624179840088,4.0,4.0,5,4
4,ood_mixed,315,4.0101213455200195,4.0,4.0,5,4
4,ood_mixed,316,4.02918004989624,4.0,4.0,6,2
4,ood_mixed,317,4.002622604370117,4.0,4.0,8,2
4,ood_mixed,318,4.998750686645508,5.0,5.0,8,2
4,ood_mixed,319,7.0054931640625,7.0,16.0,9,8
4,ood_mixed,320,4.0254998207092285,4.0,4.0,7,6
4,ood_mixed,321,3.999302625656128,4.0,3.0,7,6
4,ood_mixed,322,7.004267692565918,7.0,3.0,9,8
4,ood_mixed,323,4.2884626388549805,4.0,4.0,7,6
4,ood_mixed,324,7.025932312011719,7.0,2.0,9,8
4,ood_mixed,325,3.9999892711639404,4.0,3.0,7,6
4,ood_mixed,326,4.000136375427246,4.0,4.0,5,4
4,ood_mixed,327,4.006052494049072,4.0,4.0,7,6
4,ood_mixed,328,7.004408359527588,7.0,3.0,9,8
4,ood_mixed,329,4.287993431091309,4.0,4.0,7,6
4,ood_mixed,330,4.990604877471924,5.0,4.0,5,4
4,ood_mixed,331,4.016265869140625,4.0,4.0,6,2
4,ood_mixed,332,4.0031352043151855,4.0,4.0,8,2
4,ood_mixed,333,6.063445091247559,6.0,3.0,9,2
4,ood_mixed,334,4.0000810623168945,4.0,4.0,7,6
4,ood_mixed,335,6.948742866516113,7.0,12.0,9,8
4,ood_mixed,336,4.000543594360352,4.0,4.0,5,4
4,ood_mixed,337,6.860085487365723,7.0,10.0,9,2
4,ood_mixed,338,4.000837802886963,4.0,4.0,7,6
4,ood_mixed,339,6.592299461364746,7.0,7.0,9,8
4,ood_mixed,340,4.90524959564209,5.0,5.0,7,6
4,ood_mixed,341,4.003590106964111,4.0,4.0,5,4
4,ood_mixed,342,6.829865455627441,7.0,3.0,9,8
4,ood_mixed,343,4.003398418426514,4.0,4.0,5,4
4,ood_mixed,344,4.90740966796875,5.0,5.0,5,4
4,ood_mixed,345,7.450181007385254,7.0,3.0,9,8
4,ood_mixed,346,4.022602558135986,4.0,4.0,7,6
4,ood_mixed,347,6.998999118804932,7.0,12.0,9,8
4,ood_mixed,348,6.687709808349609,7.0,11.0,9,8
4,ood_mixed,349,6.984975814819336,7.0,3.0,9,8
4,ood_mixed,350,4.025897026062012,4.0,4.0,7,6
4,ood_mixed,351,4.000861644744873,4.0,4.0,5,4
4,ood_mixed,352,6.9901299476623535,7.0,3.0,9,8
4,ood_mixed,353,4.001011371612549,4.0,4.0,7,6
4,ood_mixed,354,4.8318328857421875,5.0,5.0,6,2
4,ood_mixed,355,7.002484321594238,7.0,3.0,9,2
4,ood_mixed,356,6.672825813293457,7.0,12.0,9,2
4,ood_mixed,357,7.0021514892578125,7.0,5.0,9,8
4,ood_mixed,358,7.004734516143799,7.0,3.0,9,8
4,ood_mixed,359,6.9754438400268555,7.0,3.0,9,8
4,ood_mixed,360,4.000066757202148,4.0,4.0,8,2
4,ood_mixed,361,4.001602649688721,4.0,4.0,7,6
4,ood_mixed,362,6.771149635314941,7.0,16.0,9,8
4,ood_mixed,363,4.197797775268555,4.0,4.0,5,4
4,ood_mixed,364,7.602509498596191,8.0,8.0,9,8
4,ood_mixed,365,6.685942649841309,7.0,9.0,9,2
4,ood_mixed,366,6.59410285949707,7.0,12.0,9,8
4,ood_mixed,367,5.0007853507995605,5.0,5.0,7,2
4,ood_mixed,368,4.068514347076416,4.0,4.0,5,4
4,ood_mixed,369,7.313225746154785,7.0,4.0,9,8
4,ood_mixed,370,4.000179290771484,4.0,4.0,7,6
4,ood_mixed,371,4.001484394073486,4.0,4.0,7,6
4,ood_mixed,372,4.00099515914917,4.0,4.0,5,4
4,ood_mixed,373,4.004216194152832,4.0,4.0,5,4
4,ood_mixed,374,4.015963554382324,4.0,4.0,5,4
4,ood_mixed,375,6.0407395362854,6.0,13.0,9,8
4,ood_mixed,376,4.000060081481934,4.0,4.0,8,2
4,ood_mixed,377,4.822681903839111,5.0,4.0,5,4
4,ood_mixed,378,4.9997968673706055,5.0,5.0,5,4
4,ood_mixed,379,4.001171588897705,4.0,4.0,5,4
4,ood_mixed,380,6.746292591094971,7.0,3.0,9,2
4,ood_mixed,381,4.00879430770874,4.0,4.0,7,6
4,ood_mixed,382,6.895901203155518,7.0,12.0,9,2
4,ood_mixed,383,4.005329132080078,4.0,4.0,5,4
4,ood_mixed,384,4.933994293212891,5.0,4.0,5,4
4,ood_mixed,385,6.978573322296143,7.0,3.0,9,8
4,ood_mixed,386,4.000747203826904,4.0,4.0,5,2
4,ood_mixed,387,7.014313220977783,7.0,3.0,9,2
4,ood_mixed,388,4.000637531280518,4.0,4.0,6,2
4,ood_mixed,389,3.9999661445617676,4.0,3.0,5,4
4,ood_mixed,390,4.0002546310424805,4.0,4.0,7,2
4,ood_mixed,391,4.061088562011719,4.0,4.0,6,2
4,ood_mixed,392,4.998144626617432,5.0,4.0,6,2
4,ood_mixed,393,6.987270355224609,7.0,13.0,9,8
4,ood_mixed,394,4.036443710327148,4.0,4.0,7,6
4,ood_mixed,395,4.000950813293457,4.0,4.0,5,2
4,ood_mixed,396,4.917881011962891,5.0,4.0,7,2
4,ood_mixed,397,3.997468948364258,4.0,3.0,5,4
4,ood_mixed,398,6.069487571716309,6.0,3.0,9,8
4,ood_mixed,399,4.078221797943115,4.0,4.0,5,4
4,ood_mixed,400,7.058183670043945,7.0,12.0,9,8
4,ood_mixed,401,6.989495754241943,7.0,5.0,9,2
4,ood_mixed,402,4.009757995605469,4.0,4.0,7,6
4,ood_mixed,403,7.970502853393555,8.0,12.0,9,8
4,ood_mixed,404,3.999938488006592,4.0,3.0,5,4
4,ood_mixed,405,4.386185646057129,4.0,4.0,5,4
4,ood_mixed,406,4.000429630279541,4.0,4.0,5,4
4,ood_mixed,407,7.007834434509277,7.0,13.0,9,8
4,ood_mixed,408,4.000004768371582,4.0,3.0,7,6
4,ood_mixed,409,6.689463138580322,7.0,11.0,9,8
4,ood_mixed,410,4.000068187713623,4.0,4.0,8,2
4,ood_mixed,411,7.003259181976318,7.0,6.0,9,8
4,ood_mixed,412,7.052151679992676,7.0,4.0,9,2
4,ood_mixed,413,4.002806663513184,4.0,4.0,5,4
4,ood_mixed,414,4.006535530090332,4.0,4.0,6,2
4,ood_mixed,415,4.001039028167725,4.0,4.0,5,4
4,ood_mixed,416,6.6150078773498535,7.0,3.0,9,2
4,ood_mixed,417,4.999729156494141,5.0,4.0,5,4
4,ood_mixed,418,4.01057767868042,4.0,4.0,5,4
4,ood_mixed,419,4.000094413757324,4.0,3.0,7,6
4,ood_mixed,420,4.006515979766846,4.0,4.0,5,4
4,ood_mixed,421,3.999847412109375,4.0,3.0,5,4
4,ood_mixed,422,4.105127811431885,4.0,4.0,5,4
4,ood_mixed,423,4.000779151916504,4.0,4.0,5,4
4,ood_mixed,424,4.358380317687988,4.0,4.0,5,4
4,ood_mixed,425,4.96600341796875,5.0,4.0,5,4
4,ood_mixed,426,4.0000715255737305,4.0,4.0,5,4
4,ood_mixed,427,7.358377456665039,7.0,4.0,9,8
4,ood_mixed,428,4.000060081481934,4.0,3.0,8,2
4,ood_mixed,429,7.009819984436035,7.0,7.0,9,8
4,ood_mixed,430,4.000192642211914,4.0,4.0,5,4
4,ood_mixed,431,4.000308036804199,4.0,4.0,5,4
4,ood_mixed,432,4.000217914581299,4.0,4.0,8,2
4,ood_mixed,433,4.003313064575195,4.0,4.0,6,2
4,ood_mixed,434,4.000051975250244,4.0,3.0,7,6
4,ood_mixed,435,4.311583518981934,4.0,4.0,5,4
4,ood_mixed,436,4.000039100646973,4.0,3.0,8,2
4,ood_mixed,437,4.371173858642578,4.0,4.0,7,6
4,ood_mixed,438,3.9999852180480957,4.0,3.0,8,2
4,ood_mixed,439,4.006735801696777,4.0,4.0,7,6
4,ood_mixed,440,4.000782012939453,4.0,4.0,5,4
4,ood_mixed,441,4.016795635223389,4.0,4.0,7,2
4,ood_mixed,442,7.0018110275268555,7.0,3.0,9,8
4,ood_mixed,443,4.996737003326416,5.0,4.0,5,4
4,ood_mixed,444,4.99977445602417,5.0,5.0,6,2
4,ood_mixed,445,6.977212905883789,7.0,11.0,9,8
4,ood_mixed,446,4.063504695892334,4.0,4.0,5,4
4,ood_mixed,447,6.785648822784424,7.0,12.0,9,2
4,ood_mixed,448,7.0032572746276855,7.0,12.0,9,2
4,ood_mixed,449,7.970962047576904,8.0,4.0,9,8
4,ood_mixed,450,4.0003461837768555,4.0,4.0,5,4
4,ood_mixed,451,6.537722587585449,7.0,4.0,9,8
4,ood_mixed,452,4.00031042098999,4.0,4.0,5,4
4,ood_mixed,453,3.9993724822998047,4.0,3.0,7,6
4,ood_mixed,454,6.967342376708984,7.0,4.0,9,8
4,ood_mixed,455,6.608124256134033,7.0,3.0,9,2
4,ood_mixed,456,4.0009942054748535,4.0,4.0,7,2
4,ood_mixed,457,4.967823028564453,5.0,5.0,7,6
4,ood_mixed,458,4.000401496887207,4.0,4.0,5,4
4,ood_mixed,459,6.9467620849609375,7.0,12.0,9,8
4,ood_mixed,460,4.014591693878174,4.0,4.0,5,4
4,ood_mixed,461,4.967532157897949,5.0,4.0,7,6
4,ood_mixed,462,4.000082015991211,4.0,3.0,7,6
4,ood_mixed,463,4.934327125549316,5.0,5.0,7,6
4,ood_mixed,464,3.999925136566162,4.0,3.0,5,4
4,ood_mixed,465,3.999157428741455,4.0,3.0,7,6
4,ood_mixed,466,4.264007568359375,4.0,4.0,7,6
4,ood_mixed,467,7.5131988525390625,8.0,11.0,9,2
4,ood_mixed,468,4.000205039978027,4.0,4.0,5,4
4,ood_mixed,469,4.003838062286377,4.0,4.0,7,6
4,ood_mixed,470,4.005471706390381,4.0,4.0,7,6
4,ood_mixed,471,4.000268936157227,4.0,4.0,8,2
4,ood_mixed,472,6.942676067352295,7.0,11.0,9,8
4,ood_mixed,473,4.001227855682373,4.0,4.0,5,4
4,ood_mixed,474,4.001805305480957,4.0,4.0,6,2
4,ood_mixed,475,4.000202178955078,4.0,4.0,6,2
4,ood_mixed,476,6.99320125579834,7.0,12.0,9,2
4,ood_mixed,477,4.000258445739746,4.0,4.0,5,4
4,ood_mixed,478,4.001655578613281,4.0,4.0,7,6
4,ood_mixed,479,6.984294891357422,7.0,6.0,9,8
4,ood_mixed,480,4.000053405761719,4.0,3.0,5,4
4,ood_mixed,481,4.003965854644775,4.0,4.0,7,6
4,ood_mixed,482,4.071719646453857,4.0,4.0,5,2
4,ood_mixed,483,4.272817611694336,4.0,4.0,5,4
4,ood_mixed,484,4.033997535705566,4.0,4.0,5,4
4,ood_mixed,485,4.0133233070373535,4.0,4.0,7,6
4,ood_mixed,486,4.062097549438477,4.0,4.0,7,6
4,ood_mixed,487,7.013336181640625,7.0,2.0,9,8
4,ood_mixed,488,4.5318145751953125,5.0,4.0,7,2
4,ood_mixed,489,6.876368999481201,7.0,2.0,9,2
4,ood_mixed,490,4.000039100646973,4.0,4.0,5,2
4,ood_mixed,491,6.997478485107422,7.0,4.0,9,8
4,ood_mixed,492,4.411423206329346,4.0,4.0,7,6
4,ood_mixed,493,6.887669563293457,7.0,12.0,9,8
4,ood_mixed,494,4.000147342681885,4.0,3.0,7,6
4,ood_mixed,495,6.946568965911865,7.0,3.0,9,2
4,ood_mixed,496,6.230923175811768,6.0,6.0,9,8
4,ood_mixed,497,4.041898727416992,4.0,4.0,7,6
4,ood_mixed,498,6.705742359161377,7.0,2.0,9,8
4,ood_mixed,499,6.958611488342285,7.0,3.0,9,8
4,ood_mixed,500,4.001468658447266,4.0,4.0,7,6
4,ood_mixed,501,6.4990715980529785,6.0,3.0,9,8
4,ood_mixed,502,7.269211292266846,7.0,12.0,9,2
4,ood_mixed,503,4.000368595123291,4.0,4.0,5,4
4,ood_mixed,504,4.001407146453857,4.0,4.0,8,2
4,ood_mixed,505,6.807085990905762,7.0,2.0,9,8
4,ood_mixed,506,4.28040885925293,4.0,4.0,7,6
4,ood_mixed,507,4.008413791656494,4.0,4.0,5,4
4,ood_mixed,508,4.022932052612305,4.0,4.0,8,2
4,ood_mixed,509,4.0963454246521,4.0,4.0,5,4
4,ood_mixed,510,4.99620246887207,5.0,4.0,7,6
4,ood_mixed,511,4.030367851257324,4.0,4.0,5,2
5,val,0,3.90128231048584,4.0,7.0,9,8
5,val,1,2.9644434452056885,3.0,2.0,5,4
5,val,2,2.996392011642456,3.0,3.0,5,4
5,val,3,2.9699130058288574,3.0,2.0,5,4
5,val,4,3.9360623359680176,4.0,16.0,9,2
5,val,5,2.988661050796509,3.0,3.0,8,2
5,val,6,2.9892826080322266,3.0,2.0,7,6
5,val,7,3.9346702098846436,4.0,5.0,9,2
5,val,8,2.931898355484009,3.0,2.0,8,2
5,val,9,2.9574673175811768,3.0,2.0,6,2
5,val,10,3.7512006759643555,4.0,4.0,9,8
5,val,11,4.013400554656982,4.0,2.0,9,8
5,val,12,3.8276262283325195,4.0,9.0,9,8
5,val,13,3.925093650817871,4.0,5.0,9,2
5,val,14,3.7223715782165527,4.0,2.0,9,2
5,val,15,2.986989736557007,3.0,2.0,7,6
5,val,16,2.9788267612457275,3.0,2.0,7,6
5,val,17,4.076837062835693,4.0,6.0,9,8
5,val,18,3.079002857208252,3.0,16.0,9,8
5,val,19,3.9676284790039062,4.0,5.0,9,8
5,val,20,2.9861576557159424,3.0,2.0,7,6
5,val,21,2.9323830604553223,3.0,2.0,5,4
5,val,22,2.9985177516937256,3.0,3.0,5,4
5,val,23,2.955803871154785,3.0,2.0,5,4
5,val,24,2.9909298419952393,3.0,3.0,7,6
5,val,25,4.10324764251709,4.0,2.0,9,8
5,val,26,4.102819919586182,4.0,2.0,9,8
5,val,27,2.9931323528289795,3.0,3.0,5,4
5,val,28,2.9912872314453125,3.0,2.0,5,4
5,val,29,3.7546370029449463,4.0,2.0,9,8
5,val,30,2.9999215602874756,3.0,3.0,7,6
5,val,31,4.075523376464844,4.0,10.0,9,8
5,val,32,3.6116576194763184,4.0,3.0,9,8
5,val,33,2.9961681365966797,3.0,3.0,7,6
5,val,34,2.992152452468872,3.0,3.0,8,2
5,val,35,3.4998276233673096,3.0,5.0,9,8
5,val,36,2.997450828552246,3.0,3.0,5,4
5,val,37,2.9434690475463867,3.0,2.0,7,6
5,val,38,2.997840404510498,3.0,3.0,5,4
5,val,39,2.9985578060150146,3.0,3.0,5,4
5,val,40,2.9890120029449463,3.0,3.0,8,2
5,val,41,2.9958910942077637,3.0,3.0,6,2
5,val,42,2.986239194869995,3.0,3.0,7,6
5,val,43,2.9875948429107666,3.0,3.0,5,4
5,val,44,2.994415283203125,3.0,3.0,7,6
5,val,45,2.986874580383301,3.0,3.0,7,2
5,val,46,3.992673635482788,4.0,2.0,9,8
5,val,47,2.92327618598938,3.0,2.0,5,4
5,val,48,3.9896256923675537,4.0,5.0,9,8
5,val,49,3.4483442306518555,3.0,8.0,9,8
5,val,50,2.997732162475586,3.0,3.0,8,2
5,val,51,4.139360427856445,4.0,3.0,9,8
5,val,52,2.996112585067749,3.0,3.0,7,6
5,val,53,3.4859607219696045,3.0,4.0,9,2
5,val,54,3.889601707458496,4.0,4.0,9,8
5,val,55,2.986283302307129,3.0,3.0,7,6
5,val,56,2.9926929473876953,3.0,3.0,8,2
5,val,57,2.9824507236480713,3.0,3.0,7,6
5,val,58,3.987485885620117,4.0,4.0,9,8
5,val,59,2.9990360736846924,3.0,3.0,6,2
5,val,60,2.9957919120788574,3.0,3.0,7,6
5,val,61,2.904578685760498,3.0,2.0,7,6
5,val,62,3.9332714080810547,4.0,2.0,9,8
5,val,63,2.9991235733032227,3.0,3.0,7,6
5,val,64,2.9722440242767334,3.0,2.0,5,4
5,val,65,2.99466609954834,3.0,3.0,7,6
5,val,66,4.116728782653809,4.0,2.0,9,8
5,val,67,2.997941017150879,3.0,3.0,7,6
5,val,68,2.8863184452056885,3.0,2.0,7,6
5,val,69,4.012266635894775,4.0,4.0,9,8
5,val,70,3.2302513122558594,3.0,5.0,9,8
5,val,71,2.9959053993225098,3.0,3.0,6,2
5,val,72,2.994731903076172,3.0,3.0,7,6
5,val,73,2.9999284744262695,3.0,3.0,8,2
5,val,74,3.9581234455108643,4.0,16.0,9,8
5,val,75,2.9907329082489014,3.0,3.0,7,6
5,val,76,2.9951610565185547,3.0,3.0,7,6
5,val,77,3.361867904663086,3.0,2.0,9,2
5,val,78,2.986802339553833,3.0,2.0,6,2
5,val,79,3.367884635925293,3.0,2.0,9,8
5,val,80,2.9665157794952393,3.0,2.0,5,4
5,val,81,2.995852470397949,3.0,3.0,8,2
5,val,82,3.801401376724243,4.0,5.0,9,8
5,val,83,2.993988513946533,3.0,3.0,7,6
5,val,84,2.993384838104248,3.0,3.0,5,4
5,val,85,2.9973857402801514,3.0,3.0,7,6
5,val,86,2.9964256286621094,3.0,3.0,8,2
5,val,87,2.9899604320526123,3.0,3.0,7,6
5,val,88,3.9912374019622803,4.0,5.0,9,2
5,val,89,3.9417030811309814,4.0,16.0,9,8
5,val,90,2.9967947006225586,3.0,3.0,8,2
5,val,91,3.9844746589660645,4.0,5.0,9,2
5,val,92,2.99135684967041,3.0,3.0,5,4
5,val,93,3.298168420791626,3.0,2.0,9,2
5,val,94,2.986630916595459,3.0,3.0,5,4
5,val,95,3.8381810188293457,4.0,2.0,9,2
5,val,96,2.9954822063446045,3.0,3.0,5,4
5,val,97,2.9994289875030518,3.0,3.0,7,6
5,val,98,2.9980411529541016,3.0,3.0,5,4
5,val,99,2.9745194911956787,3.0,3.0,7,6
5,val,100,2.9952895641326904,3.0,3.0,7,6
5,val,101,2.9954845905303955,3.0,3.0,7,6
5,val,102,3.728546142578125,4.0,5.0,9,2
5,val,103,2.9848880767822266,3.0,3.0,5,4
5,val,104,2.9901177883148193,3.0,3.0,5,4
5,val,105,3.9737448692321777,4.0,2.0,9,8
5,val,106,3.9522712230682373,4.0,16.0,9,8
5,val,107,4.065349102020264,4.0,4.0,9,8
5,val,108,2.993783950805664,3.0,3.0,7,6
5,val,109,2.986276149749756,3.0,3.0,8,2
5,val,110,2.999160051345825,3.0,3.0,8,2
5,val,111,2.990105628967285,3.0,3.0,7,6
5,val,112,2.982618570327759,3.0,3.0,7,6
5,val,113,2.994429588317871,3.0,3.0,6,2
5,val,114,3.0002191066741943,3.0,3.0,5,4
5,val,115,2.996138334274292,3.0,3.0,7,6
5,val,116,3.986102819442749,4.0,2.0,9,8
5,val,117,2.932471752166748,3.0,2.0,7,6
5,val,118,2.973588228225708,3.0,3.0,5,4
5,val,119,2.962503433227539,3.0,2.0,5,4
5,val,120,2.995551347732544,3.0,3.0,7,6
5,val,121,2.998671293258667,3.0,3.0,5,4
5,val,122,3.9202656745910645,4.0,16.0,9,8
5,val,123,2.993701219558716,3.0,3.0,7,2
5,val,124,3.9772703647613525,4.0,6.0,9,2
5,val,125,3.9942915439605713,4.0,12.0,9,2
5,val,126,3.9928171634674072,4.0,6.0,9,8
5,val,127,3.955941915512085,4.0,5.0,9,8
5,val,128,4.056515216827393,4.0,2.0,9,8
5,val,129,2.9336464405059814,3.0,2.0,5,4
5,val,130,2.998767852783203,3.0,3.0,6,2
5,val,131,3.988316297531128,4.0,2.0,9,2
5,val,132,3.9935312271118164,4.0,4.0,9,8
5,val,133,4.013930797576904,4.0,12.0,9,8
5,val,134,2.997446298599243,3.0,3.0,7,6
5,val,135,3.633232355117798,4.0,4.0,9,2
5,val,136,3.839646816253662,4.0,5.0,9,2
5,val,137,2.9973948001861572,3.0,3.0,7,6
5,val,138,4.022064685821533,4.0,4.0,9,2
5,val,139,2.846219778060913,3.0,2.0,7,2
5,val,140,2.997565746307373,3.0,3.0,6,2
5,val,141,4.022477626800537,4.0,4.0,9,8
5,val,142,2.9900929927825928,3.0,2.0,7,6
5,val,143,2.9890859127044678,3.0,3.0,7,6
5,val,144,2.9923501014709473,3.0,3.0,5,4
5,val,145,2.9743690490722656,3.0,3.0,7,6
5,val,146,2.995713472366333,3.0,3.0,7,6
5,val,147,2.9916322231292725,3.0,3.0,5,4
5,val,148,4.034167766571045,4.0,6.0,9,8
5,val,149,2.9884724617004395,3.0,3.0,7,6
5,val,150,2.9907054901123047,3.0,2.0,5,4
5,val,151,4.0703535079956055,4.0,10.0,9,8
5,val,152,2.998121738433838,3.0,3.0,7,6
5,val,153,2.9903817176818848,3.0,3.0,7,6
5,val,154,3.888862371444702,4.0,3.0,9,8
5,val,155,2.9972083568573,3.0,3.0,7,6
5,val,156,2.997053861618042,3.0,3.0,8,2
5,val,157,2.9983842372894287,3.0,3.0,5,4
5,val,158,2.9954402446746826,3.0,3.0,7,6
5,val,159,2.994155168533325,3.0,3.0,7,6
5,val,160,3.881730318069458,4.0,5.0,9,8
5,val,161,2.9893856048583984,3.0,3.0,5,4
5,val,162,2.997732162475586,3.0,3.0,7,6
5,val,163,3.9780173301696777,4.0,8.0,9,8
5,val,164,3.0663981437683105,3.0,14.0,9,8
5,val,165,2.998746633529663,3.0,3.0,6,2
5,val,166,2.916534423828125,3.0,2.0,5,4
5,val,167,2.9900758266448975,3.0,3.0,7,6
5,val,168,2.9892101287841797,3.0,2.0,7,6
5,val,169,2.9932661056518555,3.0,3.0,5,4
5,val,170,2.9874894618988037,3.0,3.0,5,4
5,val,171,2.998114585876465,3.0,3.0,5,4
5,val,172,3.9842441082000732,4.0,5.0,9,8
5,val,173,2.9921703338623047,3.0,3.0,5,2
5,val,174,3.985954761505127,4.0,5.0,9,2
5,val,175,2.9948461055755615,3.0,3.0,7,6
5,val,176,2.9979357719421387,3.0,3.0,5,4
5,val,177,3.9737868309020996,4.0,2.0,9,8
5,val,178,3.949950933456421,4.0,4.0,9,8
5,val,179,2.8789985179901123,3.0,2.0,7,6
5,val,180,4.066539287567139,4.0,11.0,9,8
5,val,181,3.8789913654327393,4.0,2.0,9,8
5,val,182,3.135176420211792,3.0,2.0,9,8
5,val,183,2.981410264968872,3.0,2.0,7,6
5,val,184,3.9093451499938965,4.0,2.0,9,8
5,val,185,2.995357036590576,3.0,3.0,8,2
5,val,186,2.9135820865631104,3.0,3.0,5,4
5,val,187,4.008511543273926,4.0,2.0,9,8
5,val,188,3.4133095741271973,3.0,2.0,9,8
5,val,189,2.997455358505249,3.0,3.0,5,4
5,val,190,2.8484549522399902,3.0,2.0,7,6
5,val,191,2.9913759231567383,3.0,3.0,7,2
5,val,192,3.9404070377349854,4.0,2.0,9,8
5,val,193,3.944511651992798,4.0,13.0,9,8
5,val,194,2.997098445892334,3.0,3.0,6,2
5,val,195,3.9618685245513916,4.0,10.0,9,8
5,val,196,2.9980404376983643,3.0,3.0,5,4
5,val,197,3.859043598175049,4.0,6.0,9,2
5,val,198,2.998100519180298,3.0,3.0,7,6
5,val,199,2.9980549812316895,3.0,3.0,5,4
5,val,200,2.996614933013916,3.0,3.0,5,4
5,val,201,3.992178201675415,4.0,4.0,9,8
5,val,202,2.983872175216675,3.0,2.0,7,6
5,val,203,3.625516414642334,4.0,2.0,9,8
5,val,204,4.0163702964782715,4.0,5.0,9,8
5,val,205,4.020166873931885,4.0,14.0,9,8
5,val,206,2.9923739433288574,3.0,3.0,8,2
5,val,207,2.99436092376709,3.0,3.0,7,6
5,val,208,3.7838618755340576,4.0,2.0,9,2
5,val,209,2.998051166534424,3.0,3.0,7,6
5,val,210,2.9918503761291504,3.0,3.0,5,4
5,val,211,3.5649659633636475,4.0,4.0,9,8
5,val,212,2.9416086673736572,3.0,3.0,7,6
5,val,213,2.9938762187957764,3.0,3.0,7,6
5,val,214,2.9974162578582764,3.0,3.0,8,2
5,val,215,3.987624168395996,4.0,5.0,9,8
5,val,216,3.639779806137085,4.0,5.0,9,2
5,val,217,2.9970829486846924,3.0,3.0,7,6
5,val,218,2.9900310039520264,3.0,2.0,5,4
5,val,219,2.976170539855957,3.0,2.0,7,6
5,val,220,3.8762428760528564,4.0,4.0,9,2
5,val,221,2.943781852722168,3.0,2.0,7,6
5,val,222,2.994274854660034,3.0,3.0,7,6
5,val,223,2.9869556427001953,3.0,3.0,8,2
5,val,224,3.984623908996582,4.0,6.0,9,8
5,val,225,2.996962308883667,3.0,3.0,5,4
5,val,226,2.994753360748291,3.0,3.0,5,4
5,val,227,2.9990973472595215,3.0,3.0,5,4
5,val,228,2.997124195098877,3.0,3.0,5,4
5,val,229,2.9528212547302246,3.0,2.0,8,2
5,val,230,2.9987449645996094,3.0,3.0,5,2
5,val,231,2.985045909881592,3.0,3.0,6,2
5,val,232,3.956582546234131,4.0,2.0,9,8
5,val,233,2.9752564430236816,3.0,2.0,7,2
5,val,234,2.9872641563415527,3.0,3.0,6,2
5,val,235,3.743913412094116,4.0,5.0,9,8
5,val,236,3.947561025619507,4.0,3.0,9,8
5,val,237,2.9803225994110107,3.0,3.0,5,4
5,val,238,2.929889678955078,3.0,2.0,5,4
5,val,239,3.8843255043029785,4.0,4.0,9,2
5,val,240,4.040537357330322,4.0,12.0,9,8
5,val,241,3.9354453086853027,4.0,2.0,9,8
5,val,242,3.642702579498291,4.0,5.0,9,8
5,val,243,3.7573795318603516,4.0,13.0,9,8
5,val,244,2.9982950687408447,3.0,3.0,7,2
5,val,245,3.853407144546509,4.0,2.0,9,8
5,val,246,2.99770188331604,3.0,3.0,5,4
5,val,247,2.9843997955322266,3.0,3.0,7,6
5,val,248,4.070250988006592,4.0,9.0,9,8
5,val,249,2.9969801902770996,3.0,3.0,5,4
5,val,250,4.029396057128906,4.0,2.0,9,2
5,val,251,2.9987802505493164,3.0,3.0,8,2
5,val,252,2.9688057899475098,3.0,2.0,5,4
5,val,253,2.9146857261657715,3.0,2.0,7,6
5,val,254,2.9753692150115967,3.0,2.0,5,4
5,val,255,2.9967339038848877,3.0,3.0,8,2
5,val,256,4.005079746246338,4.0,2.0,9,8
5,val,257,2.9930074214935303,3.0,3.0,7,6
5,val,258,2.960043430328369,3.0,3.0,5,4
5,val,259,4.10539436340332,4.0,7.0,9,2
5,val,260,3.628161668777466,4.0,16.0,9,8
5,val,261,2.9984469413757324,3.0,3.0,5,4
5,val,262,2.9935901165008545,3.0,3.0,6,2
5,val,263,2.9686439037323,3.0,2.0,7,6
5,val,264,2.972343921661377,3.0,2.0,7,6
5,val,265,2.9967830181121826,3.0,3.0,7,6
5,val,266,2.997677803039551,3.0,3.0,5,4
5,val,267,2.9953627586364746,3.0,3.0,5,4
5,val,268,2.9984090328216553,3.0,3.0,7,6
5,val,269,2.9997918605804443,3.0,3.0,5,4
5,val,270,4.029080390930176,4.0,5.0,9,8
5,val,271,3.8682303428649902,4.0,4.0,9,2
5,val,272,3.0635104179382324,3.0,4.0,9,8
5,val,273,2.985368251800537,3.0,2.0,7,6
5,val,274,3.571180582046509,4.0,7.0,9,8
5,val,275,3.9630043506622314,4.0,9.0,9,8
5,val,276,2.979127883911133,3.0,3.0,7,6
5,val,277,2.9309065341949463,3.0,2.0,5,4
5,val,278,2.8756301403045654,3.0,2.0,5,4
5,val,279,2.9946999549865723,3.0,3.0,5,4
5,val,280,3.9167888164520264,4.0,2.0,9,8
5,val,281,2.9742932319641113,3.0,2.0,7,6
5,val,282,2.995605230331421,3.0,3.0,5,4
5,val,283,2.9952428340911865,3.0,3.0,7,2
5,val,284,2.9899563789367676,3.0,3.0,7,6
5,val,285,2.9716556072235107,3.0,2.0,7,6
5,val,286,2.984835386276245,3.0,2.0,7,6
5,val,287,2.977330446243286,3.0,2.0,8,2
5,val,288,2.9890196323394775,3.0,3.0,5,4
5,val,289,2.990307569503784,3.0,3.0,5,4
5,val,290,2.8044090270996094,3.0,3.0,7,6
5,val,291,2.9709157943725586,3.0,2.0,5,4
5,val,292,2.982950448989868,3.0,3.0,5,4
5,val,293,2.9780678749084473,3.0,2.0,5,4
5,val,294,2.993778705596924,3.0,3.0,7,6
5,val,295,4.028040409088135,4.0,6.0,9,2
5,val,296,2.9916868209838867,3.0,2.0,7,6
5,val,297,3.991070032119751,4.0,2.0,9,8
5,val,298,3.983995199203491,4.0,11.0,9,8
5,val,299,3.084805965423584,3.0,16.0,9,8
5,val,300,3.994745969772339,4.0,10.0,9,8
5,val,301,2.988870859146118,3.0,2.0,5,4
5,val,302,3.7712104320526123,4.0,8.0,9,8
5,val,303,2.997102737426758,3.0,3.0,5,4
5,val,304,2.9971532821655273,3.0,3.0,7,6
5,val,305,2.990485668182373,3.0,3.0,5,4
5,val,306,4.017065525054932,4.0,6.0,9,2
5,val,307,2.966308355331421,3.0,3.0,5,4
5,val,308,4.086416244506836,4.0,5.0,9,2
5,val,309,3.5837743282318115,4.0,4.0,9,2
5,val,310,2.992288589477539,3.0,3.0,7,6
5,val,311,3.5017919540405273,3.0,5.0,9,2
5,val,312,2.9970462322235107,3.0,3.0,7,6
5,val,313,4.015951156616211,4.0,5.0,9,8
5,val,314,3.8171334266662598,4.0,4.0,9,2
5,val,315,4.102855682373047,4.0,4.0,9,8
5,val,316,2.99902606010437,3.0,3.0,7,2
5,val,317,4.033205032348633,4.0,9.0,9,8
5,val,318,2.994047164916992,3.0,3.0,7,2
5,val,319,3.9820103645324707,4.0,2.0,9,8
5,val,320,2.9951436519622803,3.0,3.0,8,2
5,val,321,3.500530958175659,3.0,2.0,9,8
5,val,322,4.097957134246826,4.0,5.0,9,8
5,val,323,2.998242139816284,3.0,3.0,7,2
5,val,324,3.975396156311035,4.0,5.0,9,8
5,val,325,2.994929075241089,3.0,3.0,5,4
5,val,326,2.995741367340088,3.0,3.0,5,4
5,val,327,2.949277400970459,3.0,3.0,7,6
5,val,328,2.9737284183502197,3.0,3.0,5,4
5,val,329,2.992114305496216,3.0,3.0,5,2
5,val,330,2.4684951305389404,2.0,2.0,7,6
5,val,331,2.9902517795562744,3.0,2.0,7,6
5,val,332,2.994471549987793,3.0,3.0,7,6
5,val,333,2.9874534606933594,3.0,3.0,7,6
5,val,334,2.9986677169799805,3.0,3.0,8,2
5,val,335,2.98824405670166,3.0,3.0,8,2
5,val,336,4.007859230041504,4.0,5.0,9,2
5,val,337,2.9969093799591064,3.0,3.0,8,2
5,val,338,2.953840970993042,3.0,2.0,7,6
5,val,339,3.893324851989746,4.0,2.0,9,8
5,val,340,3.8441162109375,4.0,5.0,9,2
5,val,341,2.9949722290039062,3.0,3.0,5,4
5,val,342,2.99849796295166,3.0,3.0,5,4
5,val,343,2.9970548152923584,3.0,3.0,8,2
5,val,344,2.9830148220062256,3.0,3.0,8,2
5,val,345,2.9953227043151855,3.0,3.0,7,6
5,val,346,2.999161958694458,3.0,3.0,7,6
5,val,347,2.9802465438842773,3.0,3.0,7,6
5,val,348,2.995879888534546,3.0,3.0,5,4
5,val,349,2.986358880996704,3.0,2.0,8,2
5,val,350,3.9988179206848145,4.0,2.0,9,8
5,val,351,3.954181432723999,4.0,16.0,9,8
5,val,352,2.993971824645996,3.0,3.0,5,4
5,val,353,2.996246337890625,3.0,3.0,7,6
5,val,354,2.993945837020874,3.0,3.0,5,4
5,val,355,2.9957282543182373,3.0,3.0,5,4
5,val,356,3.7433547973632812,4.0,3.0,9,2
5,val,357,2.9930131435394287,3.0,3.0,7,2
5,val,358,2.9944937229156494,3.0,3.0,5,4
5,val,359,4.018917560577393,4.0,12.0,9,8
5,val,360,3.8866779804229736,4.0,2.0,9,2
5,val,361,3.975956916809082,4.0,3.0,9,2
5,val,362,2.9928348064422607,3.0,3.0,7,2
5,val,363,2.9978857040405273,3.0,3.0,7,6
5,val,364,2.9949779510498047,3.0,3.0,5,4
5,val,365,2.9961769580841064,3.0,3.0,8,2
5,val,366,3.924461603164673,4.0,2.0,9,8
5,val,367,3.994847059249878,4.0,5.0,9,8
5,val,368,2.9929440021514893,3.0,3.0,8,2
5,val,369,3.9316787719726562,4.0,2.0,9,8
5,val,370,4.009422302246094,4.0,2.0,9,8
5,val,371,2.994903802871704,3.0,3.0,7,6
5,val,372,2.962919235229492,3.0,2.0,8,2
5,val,373,2.997098207473755,3.0,3.0,5,4
5,val,374,2.9944145679473877,3.0,3.0,5,4
5,val,375,2.98358416557312,3.0,2.0,5,4
5,val,376,2.9941093921661377,3.0,3.0,5,4
5,val,377,2.996842384338379,3.0,3.0,7,6
5,val,378,2.991222620010376,3.0,3.0,7,6
5,val,379,4.036618232727051,4.0,2.0,9,8
5,val,380,2.999401807785034,3.0,3.0,5,4
5,val,381,3.419430732727051,3.0,5.0,9,2
5,val,382,2.991968870162964,3.0,3.0,7,6
5,val,383,2.997805595397949,3.0,3.0,7,6
5,val,384,4.085324764251709,4.0,9.0,9,8
5,val,385,3.839804172515869,4.0,2.0,9,8
5,val,386,2.9727165699005127,3.0,2.0,8,2
5,val,387,3.973597526550293,4.0,5.0,9,2
5,val,388,4.018415451049805,4.0,2.0,9,8
5,val,389,2.8448896408081055,3.0,2.0,5,4
5,val,390,2.990001678466797,3.0,3.0,8,2
5,val,391,2.9941117763519287,3.0,3.0,7,6
5,val,392,2.9927217960357666,3.0,3.0,7,2
5,val,393,2.98279070854187,3.0,3.0,5,4
5,val,394,2.9920711517333984,3.0,3.0,5,4
5,val,395,2.993910789489746,3.0,3.0,5,4
5,val,396,2.9514575004577637,3.0,2.0,7,2
5,val,397,2.9849159717559814,3.0,2.0,7,6
5,val,398,2.9465324878692627,3.0,2.0,7,6
5,val,399,2.964904308319092,3.0,2.0,7,6
5,val,400,3.958791494369507,4.0,5.0,9,8
5,val,401,2.9582531452178955,3.0,3.0,8,2
5,val,402,2.9948246479034424,3.0,3.0,7,6
5,val,403,2.9987666606903076,3.0,3.0,7,6
5,val,404,3.998551368713379,4.0,4.0,9,2
5,val,405,2.9987688064575195,3.0,3.0,6,2
5,val,406,2.9971299171447754,3.0,3.0,8,2
5,val,407,3.983609914779663,4.0,5.0,9,2
5,val,408,2.9976494312286377,3.0,3.0,5,4
5,val,409,3.8320670127868652,4.0,16.0,9,8
5,val,410,4.038448810577393,4.0,2.0,9,2
5,val,411,2.9884347915649414,3.0,3.0,7,6
5,val,412,2.9462788105010986,3.0,2.0,7,6
5,val,413,2.9989466667175293,3.0,3.0,5,4
5,val,414,4.033928394317627,4.0,2.0,9,2
5,val,415,2.9845376014709473,3.0,2.0,5,4
5,val,416,2.9714016914367676,3.0,3.0,5,4
5,val,417,2.9969310760498047,3.0,3.0,5,4
5,val,418,2.995615243911743,3.0,3.0,5,4
5,val,419,3.932224988937378,4.0,5.0,9,8
5,val,420,2.994917631149292,3.0,3.0,8,2
5,val,421,2.907796859741211,3.0,3.0,7,2
5,val,422,3.3664684295654297,3.0,2.0,9,2
5,val,423,2.9930801391601562,3.0,3.0,7,6
5,val,424,2.9824299812316895,3.0,2.0,7,6
5,val,425,2.5603694915771484,3.0,2.0,7,6
5,val,426,2.984386682510376,3.0,3.0,7,6
5,val,427,2.9984021186828613,3.0,3.0,5,4
5,val,428,4.079145908355713,4.0,5.0,9,2
5,val,429,2.9890589714050293,3.0,3.0,7,2
5,val,430,3.9935550689697266,4.0,2.0,9,8
5,val,431,2.9950079917907715,3.0,3.0,5,4
5,val,432,2.8962950706481934,3.0,2.0,7,6
5,val,433,2.995887041091919,3.0,3.0,7,6
5,val,434,2.9973855018615723,3.0,3.0,5,4
5,val,435,2.997807025909424,3.0,3.0,7,6
5,val,436,2.9942662715911865,3.0,3.0,7,6
5,val,437,2.9583754539489746,3.0,2.0,5,4
5,val,438,2.879629135131836,3.0,2.0,7,2
5,val,439,2.9967305660247803,3.0,3.0,5,4
5,val,440,4.058866024017334,4.0,2.0,9,8
5,val,441,2.9964325428009033,3.0,3.0,7,6
5,val,442,2.9839680194854736,3.0,2.0,5,4
5,val,443,2.9874489307403564,3.0,2.0,6,2
5,val,444,3.926482915878296,4.0,4.0,9,8
5,val,445,4.034743309020996,4.0,6.0,9,8
5,val,446,3.775804281234741,4.0,2.0,9,2
5,val,447,4.026937484741211,4.0,4.0,9,8
5,val,448,2.9948177337646484,3.0,3.0,7,6
5,val,449,2.998863697052002,3.0,3.0,5,4
5,val,450,2.9745311737060547,3.0,3.0,7,6
5,val,451,2.9825809001922607,3.0,3.0,7,2
5,val,452,2.991230010986328,3.0,3.0,5,4
5,val,453,3.975595474243164,4.0,16.0,9,8
5,val,454,2.998403787612915,3.0,3.0,7,6
5,val,455,2.9986190795898438,3.0,3.0,7,6
5,val,456,2.99867582321167,3.0,3.0,7,6
5,val,457,2.994039297103882,3.0,3.0,5,4
5,val,458,4.033186435699463,4.0,6.0,9,8
5,val,459,2.9237008094787598,3.0,2.0,5,2
5,val,460,4.017401695251465,4.0,2.0,9,8
5,val,461,3.9769012928009033,4.0,7.0,9,8
5,val,462,2.9791507720947266,3.0,2.0,7,6
5,val,463,2.987790822982788,3.0,3.0,5,4
5,val,464,3.985546588897705,4.0,4.0,9,2
5,val,465,3.982583522796631,4.0,5.0,9,8
5,val,466,2.997058868408203,3.0,3.0,7,6
5,val,467,2.993278980255127,3.0,3.0,7,6
5,val,468,2.9976556301116943,3.0,3.0,8,2
5,val,469,2.9778897762298584,3.0,2.0,5,4
5,val,470,3.8901963233947754,4.0,5.0,9,2
5,val,471,4.002492904663086,4.0,5.0,9,8
5,val,472,3.980055570602417,4.0,2.0,9,8
5,val,473,2.9902801513671875,3.0,3.0,7,2
5,val,474,2.9970407485961914,3.0,3.0,7,2
5,val,475,2.999603748321533,3.0,3.0,5,4
5,val,476,4.010488986968994,4.0,6.0,9,8
5,val,477,2.9963297843933105,3.0,3.0,5,4
5,val,478,3.942725896835327,4.0,5.0,9,8
5,val,479,2.9963431358337402,3.0,3.0,5,4
5,val,480,2.9525179862976074,3.0,3.0,5,4
5,val,481,2.920377492904663,3.0,2.0,7,6
5,val,482,2.9962058067321777,3.0,3.0,5,4
5,val,483,2.981111764907837,3.0,3.0,5,4
5,val,484,2.994321823120117,3.0,3.0,5,4
5,val,485,2.9382786750793457,3.0,3.0,5,4
5,val,486,2.9950110912323,3.0,3.0,7,6
5,val,487,2.997587203979492,3.0,3.0,5,4
5,val,488,2.8853542804718018,3.0,2.0,5,4
5,val,489,2.991443634033203,3.0,3.0,5,4
5,val,490,3.989811420440674,4.0,5.0,9,8
5,val,491,3.9335620403289795,4.0,5.0,9,8
5,val,492,3.975876808166504,4.0,16.0,9,8
5,val,493,2.912929058074951,3.0,2.0,5,4
5,val,494,4.068868637084961,4.0,3.0,9,8
5,val,495,4.036617279052734,4.0,4.0,9,8
5,val,496,2.997166872024536,3.0,3.0,7,6
5,val,497,2.9924392700195312,3.0,3.0,6,2
5,val,498,2.995131254196167,3.0,3.0,7,2
5,val,499,2.904808759689331,3.0,2.0,5,4
5,val,500,2.980844497680664,3.0,2.0,6,2
5,val,501,4.01765775680542,4.0,7.0,9,8
5,val,502,2.984469413757324,3.0,2.0,8,2
5,val,503,4.003200054168701,4.0,13.0,9,2
5,val,504,3.7592580318450928,4.0,2.0,9,8
5,val,505,2.9487662315368652,3.0,2.0,7,2
5,val,506,2.994128704071045,3.0,3.0,8,2
5,val,507,3.4720606803894043,3.0,16.0,9,8
5,val,508,2.9848861694335938,3.0,2.0,7,2
5,val,509,2.9915902614593506,3.0,3.0,5,4
5,val,510,4.0436577796936035,4.0,10.0,9,8
5,val,511,2.9937589168548584,3.0,3.0,8,2
5,ood_mixed,0,2.997802257537842,3.0,3.0,5,2
5,ood_mixed,1,2.9654641151428223,3.0,2.0,5,4
5,ood_mixed,2,4.071295261383057,4.0,3.0,9,2
5,ood_mixed,3,2.9964873790740967,3.0,3.0,7,6
5,ood_mixed,4,4.0498046875,4.0,2.0,9,8
5,ood_mixed,5,2.9960761070251465,3.0,3.0,7,6
5,ood_mixed,6,2.9920406341552734,3.0,3.0,7,6
5,ood_mixed,7,2.99599552154541,3.0,3.0,7,6
5,ood_mixed,8,2.8960061073303223,3.0,2.0,7,6
5,ood_mixed,9,2.996760845184326,3.0,3.0,5,4
5,ood_mixed,10,2.9464111328125,3.0,2.0,5,4
5,ood_mixed,11,2.9954400062561035,3.0,3.0,7,6
5,ood_mixed,12,3.97520112991333,4.0,4.0,9,8
5,ood_mixed,13,2.9737062454223633,3.0,2.0,5,4
5,ood_mixed,14,3.9792304039001465,4.0,5.0,9,8
5,ood_mixed,15,2.995684862136841,3.0,3.0,5,4
5,ood_mixed,16,2.9744629859924316,3.0,3.0,7,6
5,ood_mixed,17,2.996227502822876,3.0,3.0,7,6
5,ood_mixed,18,2.99495005607605,3.0,3.0,7,6
5,ood_mixed,19,2.968175172805786,3.0,2.0,5,4
5,ood_mixed,20,4.05796480178833,4.0,2.0,9,8
5,ood_mixed,21,2.9791858196258545,3.0,2.0,7,6
5,ood_mixed,22,3.981358766555786,4.0,2.0,9,8
5,ood_mixed,23,3.8731324672698975,4.0,2.0,9,8
5,ood_mixed,24,2.9806854724884033,3.0,2.0,5,4
5,ood_mixed,25,2.985450506210327,3.0,3.0,7,6
5,ood_mixed,26,2.9857242107391357,3.0,2.0,7,6
5,ood_mixed,27,2.985090494155884,3.0,2.0,7,6
5,ood_mixed,28,2.975609064102173,3.0,3.0,5,4
5,ood_mixed,29,3.8940916061401367,4.0,11.0,9,2
5,ood_mixed,30,2.9925732612609863,3.0,3.0,5,4
5,ood_mixed,31,2.993544578552246,3.0,3.0,6,2
5,ood_mixed,32,3.7832553386688232,4.0,5.0,9,8
5,ood_mixed,33,3.822983741760254,4.0,3.0,9,8
5,ood_mixed,34,2.7199645042419434,3.0,2.0,5,4
5,ood_mixed,35,3.3843472003936768,3.0,2.0,9,8
5,ood_mixed,36,2.8742640018463135,3.0,2.0,7,6
5,ood_mixed,37,2.998004198074341,3.0,3.0,7,6
5,ood_mixed,38,3.0018484592437744,3.0,4.0,7,6
5,ood_mixed,39,3.772730588912964,4.0,2.0,9,8
5,ood_mixed,40,3.9997642040252686,4.0,4.0,9,2
5,ood_mixed,41,2.985625982284546,3.0,2.0,6,2
5,ood_mixed,42,2.9934682846069336,3.0,3.0,7,6
5,ood_mixed,43,2.9961540699005127,3.0,3.0,7,6
5,ood_mixed,44,2.9827656745910645,3.0,3.0,7,6
5,ood_mixed,45,3.9998135566711426,4.0,2.0,9,8
5,ood_mixed,46,2.987988233566284,3.0,3.0,7,6
5,ood_mixed,47,4.029096603393555,4.0,2.0,9,8
5,ood_mixed,48,2.989201307296753,3.0,3.0,7,6
5,ood_mixed,49,4.078263759613037,4.0,4.0,9,8
5,ood_mixed,50,3.776897668838501,4.0,2.0,9,8
5,ood_mixed,51,2.9987800121307373,3.0,3.0,5,4
5,ood_mixed,52,2.995504379272461,3.0,3.0,5,4
5,ood_mixed,53,4.086888790130615,4.0,4.0,9,2
5,ood_mixed,54,3.887638807296753,4.0,16.0,9,8
5,ood_mixed,55,2.9945871829986572,3.0,3.0,7,6
5,ood_mixed,56,2.961724281311035,3.0,2.0,7,2
5,ood_mixed,57,2.9862961769104004,3.0,2.0,7,2
5,ood_mixed,58,2.990389347076416,3.0,2.0,5,4
5,ood_mixed,59,3.2627804279327393,3.0,6.0,9,2
5,ood_mixed,60,3.9793684482574463,4.0,5.0,9,2
5,ood_mixed,61,2.9971582889556885,3.0,3.0,5,4
5,ood_mixed,62,3.3269059658050537,3.0,4.0,9,8
5,ood_mixed,63,2.9959867000579834,3.0,3.0,7,6
5,ood_mixed,64,2.969482660293579,3.0,2.0,7,6
5,ood_mixed,65,3.7042198181152344,4.0,2.0,9,2
5,ood_mixed,66,2.9968695640563965,3.0,3.0,7,6
5,ood_mixed,67,3.990323066711426,4.0,4.0,9,2
5,ood_mixed,68,2.9847772121429443,3.0,3.0,7,6
5,ood_mixed,69,2.9967288970947266,3.0,3.0,5,4
5,ood_mixed,70,2.9899306297302246,3.0,3.0,8,2
5,ood_mixed,71,4.0532050132751465,4.0,14.0,9,8
5,ood_mixed,72,2.9966824054718018,3.0,3.0,7,6
5,ood_mixed,73,2.993220806121826,3.0,3.0,5,4
5,ood_mixed,74,4.010095596313477,4.0,5.0,9,8
5,ood_mixed,75,2.9866719245910645,3.0,3.0,5,4
5,ood_mixed,76,4.020982265472412,4.0,2.0,9,8
5,ood_mixed,77,2.9862818717956543,3.0,2.0,7,6
5,ood_mixed,78,3.963984727859497,4.0,10.0,9,8
5,ood_mixed,79,4.008697032928467,4.0,2.0,9,8
5,ood_mixed,80,3.2211122512817383,3.0,2.0,9,8
5,ood_mixed,81,3.972838878631592,4.0,4.0,9,8
5,ood_mixed,82,2.9992384910583496,3.0,3.0,8,2
5,ood_mixed,83,2.9652674198150635,3.0,2.0,7,2
5,ood_mixed,84,2.9961397647857666,3.0,3.0,7,6
5,ood_mixed,85,2.9772307872772217,3.0,3.0,5,4
5,ood_mixed,86,2.9883785247802734,3.0,3.0,7,6
5,ood_mixed,87,4.103085041046143,4.0,3.0,9,8
5,ood_mixed,88,3.928269863128662,4.0,5.0,9,2
5,ood_mixed,89,2.99027681350708,3.0,3.0,5,4
5,ood_mixed,90,2.998650074005127,3.0,3.0,5,4
5,ood_mixed,91,2.9987237453460693,3.0,3.0,7,6
5,ood_mixed,92,2.957036018371582,3.0,2.0,8,2
5,ood_mixed,93,3.969470739364624,4.0,5.0,9,8
5,ood_mixed,94,2.950695753097534,3.0,2.0,6,2
5,ood_mixed,95,3.732271671295166,4.0,16.0,9,8
5,ood_mixed,96,2.9937453269958496,3.0,3.0,7,6
5,ood_mixed,97,2.968173027038574,3.0,2.0,7,6
5,ood_mixed,98,4.1004791259765625,4.0,9.0,9,8
5,ood_mixed,99,4.08022403717041,4.0,4.0,9,2
5,ood_mixed,100,2.9976882934570312,3.0,3.0,8,2
5,ood_mixed,101,3.960092306137085,4.0,4.0,9,8
5,ood_mixed,102,2.98201584815979,3.0,2.0,7,6
5,ood_mixed,103,3.8901538848876953,4.0,2.0,9,2
5,ood_mixed,104,2.986661672592163,3.0,2.0,5,4
5,ood_mixed,105,2.992260456085205,3.0,3.0,7,6
5,ood_mixed,106,3.609992504119873,4.0,5.0,9,2
5,ood_mixed,107,3.8440237045288086,4.0,2.0,9,8
5,ood_mixed,108,3.874729633331299,4.0,2.0,9,8
5,ood_mixed,109,2.989194631576538,3.0,2.0,5,4
5,ood_mixed,110,3.9766719341278076,4.0,4.0,9,8
5,ood_mixed,111,2.9974803924560547,3.0,3.0,5,4
5,ood_mixed,112,3.0009331703186035,3.0,3.0,5,4
5,ood_mixed,113,2.9997634887695312,3.0,3.0,5,4
5,ood_mixed,114,4.101486682891846,4.0,2.0,9,2
5,ood_mixed,115,2.9931640625,3.0,3.0,5,4
5,ood_mixed,116,2.9830148220062256,3.0,3.0,7,6
5,ood_mixed,117,2.990084409713745,3.0,3.0,7,6
5,ood_mixed,118,2.998175859451294,3.0,3.0,6,2
5,ood_mixed,119,4.011362552642822,4.0,6.0,9,8
5,ood_mixed,120,3.9577412605285645,4.0,5.0,9,2
5,ood_mixed,121,2.995286226272583,3.0,3.0,5,4
5,ood_mixed,122,4.026798248291016,4.0,2.0,9,8
5,ood_mixed,123,2.999446392059326,3.0,3.0,7,6
5,ood_mixed,124,2.9913222789764404,3.0,2.0,8,2
5,ood_mixed,125,2.9849870204925537,3.0,3.0,5,4
5,ood_mixed,126,3.6122758388519287,4.0,2.0,9,8
5,ood_mixed,127,3.8954079151153564,4.0,2.0,9,8
5,ood_mixed,128,4.090765476226807,4.0,6.0,9,8
5,ood_mixed,129,3.891148567199707,4.0,4.0,9,8
5,ood_mixed,130,2.9508965015411377,3.0,2.0,7,6
5,ood_mixed,131,3.005502462387085,3.0,16.0,9,8
5,ood_mixed,132,2.9933300018310547,3.0,3.0,5,4
5,ood_mixed,133,3.582921028137207,4.0,7.0,9,2
5,ood_mixed,134,2.9910216331481934,3.0,3.0,5,4
5,ood_mixed,135,2.9966485500335693,3.0,3.0,7,6
5,ood_mixed,136,2.9978346824645996,3.0,3.0,5,4
5,ood_mixed,137,2.997549057006836,3.0,3.0,7,6
5,ood_mixed,138,3.7012031078338623,4.0,5.0,9,2
5,ood_mixed,139,2.992743968963623,3.0,3.0,8,2
5,ood_mixed,140,2.972925901412964,3.0,2.0,5,4
5,ood_mixed,141,2.997598886489868,3.0,3.0,5,4
5,ood_mixed,142,2.996415138244629,3.0,3.0,5,4
5,ood_mixed,143,3.866178274154663,4.0,2.0,9,8
5,ood_mixed,144,3.253613233566284,3.0,4.0,9,2
5,ood_mixed,145,2.991224765777588,3.0,3.0,5,4
5,ood_mixed,146,2.9976389408111572,3.0,3.0,7,6
5,ood_mixed,147,2.922791004180908,3.0,2.0,7,6
5,ood_mixed,148,2.9831039905548096,3.0,2.0,5,2
5,ood_mixed,149,2.998825788497925,3.0,3.0,5,4
5,ood_mixed,150,2.998701333999634,3.0,3.0,5,4
5,ood_mixed,151,4.053237438201904,4.0,2.0,9,8
5,ood_mixed,152,3.768554210662842,4.0,5.0,9,8
5,ood_mixed,153,2.9668526649475098,3.0,2.0,8,2
5,ood_mixed,154,2.948380708694458,3.0,2.0,7,2
5,ood_mixed,155,2.979613780975342,3.0,2.0,7,6
5,ood_mixed,156,2.9945738315582275,3.0,3.0,7,6
5,ood_mixed,157,3.188547372817993,3.0,2.0,9,8
5,ood_mixed,158,2.99102520942688,3.0,3.0,7,6
5,ood_mixed,159,2.997051477432251,3.0,3.0,6,2
5,ood_mixed,160,2.9967689514160156,3.0,3.0,5,4
5,ood_mixed,161,2.994054079055786,3.0,3.0,6,2
5,ood_mixed,162,2.9934701919555664,3.0,3.0,7,6
5,ood_mixed,163,2.793519973754883,3.0,2.0,7,6
5,ood_mixed,164,4.011868000030518,4.0,2.0,9,2
5,ood_mixed,165,2.9934329986572266,3.0,3.0,7,6
5,ood_mixed,166,4.031290054321289,4.0,4.0,9,2
5,ood_mixed,167,2.887704372406006,3.0,2.0,7,6
5,ood_mixed,168,2.9875597953796387,3.0,3.0,7,6
5,ood_mixed,169,2.997138023376465,3.0,3.0,7,6
5,ood_mixed,170,2.8023488521575928,3.0,2.0,5,4
5,ood_mixed,171,2.9958043098449707,3.0,3.0,7,6
5,ood_mixed,172,2.9964652061462402,3.0,3.0,6,2
5,ood_mixed,173,2.9821414947509766,3.0,2.0,5,4
5,ood_mixed,174,4.07665491104126,4.0,2.0,9,8
5,ood_mixed,175,2.9917421340942383,3.0,3.0,7,6
5,ood_mixed,176,3.6877684593200684,4.0,4.0,9,8
5,ood_mixed,177,3.91331148147583,4.0,9.0,9,8
5,ood_mixed,178,2.957832098007202,3.0,2.0,7,6
5,ood_mixed,179,2.9937033653259277,3.0,3.0,7,6
5,ood_mixed,180,4.008640289306641,4.0,4.0,9,8
5,ood_mixed,181,2.9918408393859863,3.0,3.0,7,2
5,ood_mixed,182,2.8646483421325684,3.0,2.0,5,4
5,ood_mixed,183,2.99407696723938,3.0,3.0,7,6
5,ood_mixed,184,4.099575996398926,4.0,5.0,9,2
5,ood_mixed,185,2.992068290710449,3.0,3.0,7,2
5,ood_mixed,186,2.9995665550231934,3.0,3.0,7,6
5,ood_mixed,187,3.923154354095459,4.0,8.0,9,8
5,ood_mixed,188,3.6472890377044678,4.0,2.0,9,8
5,ood_mixed,189,3.949449062347412,4.0,2.0,9,8
5,ood_mixed,190,2.998854875564575,3.0,3.0,7,6
5,ood_mixed,191,2.998149871826172,3.0,3.0,7,6
5,ood_mixed,192,2.991946220397949,3.0,3.0,7,2
5,ood_mixed,193,2.973367691040039,3.0,2.0,7,6
5,ood_mixed,194,2.9958724975585938,3.0,3.0,5,4
5,ood_mixed,195,4.087404251098633,4.0,2.0,9,8
5,ood_mixed,196,4.007706165313721,4.0,2.0,9,8
5,ood_mixed,197,2.9671761989593506,3.0,2.0,7,6
5,ood_mixed,198,2.967233419418335,3.0,3.0,8,2
5,ood_mixed,199,3.9586181640625,4.0,9.0,9,8
5,ood_mixed,200,4.088512897491455,4.0,3.0,9,2
5,ood_mixed,201,2.9953463077545166,3.0,3.0,7,2
5,ood_mixed,202,3.9373574256896973,4.0,10.0,9,8
5,ood_mixed,203,3.96897292137146,4.0,4.0,9,8
5,ood_mixed,204,2.994070529937744,3.0,3.0,7,6
5,ood_mixed,205,2.9837119579315186,3.0,2.0,7,2
5,ood_mixed,206,2.9730515480041504,3.0,2.0,7,2
5,ood_mixed,207,4.03080415725708,4.0,7.0,9,8
5,ood_mixed,208,2.8936829566955566,3.0,2.0,7,6
5,ood_mixed,209,2.9957895278930664,3.0,3.0,5,4
5,ood_mixed,210,3.9066765308380127,4.0,16.0,9,8
5,ood_mixed,211,2.9969654083251953,3.0,3.0,5,4
5,ood_mixed,212,2.951615810394287,3.0,2.0,5,4
5,ood_mixed,213,4.041255474090576,4.0,11.0,9,8
5,ood_mixed,214,3.2223432064056396,3.0,5.0,9,2
5,ood_mixed,215,2.9978463649749756,3.0,3.0,5,4
5,ood_mixed,216,3.8459599018096924,4.0,2.0,9,8
5,ood_mixed,217,3.9995429515838623,4.0,16.0,9,8
5,ood_mixed,218,2.9990105628967285,3.0,3.0,5,4
5,ood_mixed,219,2.9950926303863525,3.0,3.0,8,2
5,ood_mixed,220,2.9985060691833496,3.0,3.0,7,6
5,ood_mixed,221,2.9935004711151123,3.0,3.0,7,6
5,ood_mixed,222,2.905226945877075,3.0,2.0,7,6
5,ood_mixed,223,2.9944047927856445,3.0,3.0,7,6
5,ood_mixed,224,3.9396820068359375,4.0,4.0,9,2
5,ood_mixed,225,3.6739022731781006,4.0,2.0,9,8
5,ood_mixed,226,4.003378391265869,4.0,5.0,9,8
5,ood_mixed,227,2.9968419075012207,3.0,3.0,7,6
5,ood_mixed,228,2.820134162902832,3.0,2.0,5,4
5,ood_mixed,229,2.9967503547668457,3.0,3.0,5,4
5,ood_mixed,230,2.993853807449341,3.0,3.0,5,4
5,ood_mixed,231,2.9935879707336426,3.0,3.0,8,2
5,ood_mixed,232,2.971748113632202,3.0,2.0,7,6
5,ood_mixed,233,2.994891405105591,3.0,3.0,5,4
5,ood_mixed,234,2.9973628520965576,3.0,3.0,7,2
5,ood_mixed,235,2.99778151512146,3.0,3.0,7,6
5,ood_mixed,236,2.9891817569732666,3.0,3.0,5,4
5,ood_mixed,237,2.982520341873169,3.0,2.0,7,6
5,ood_mixed,238,2.9859962463378906,3.0,3.0,8,2
5,ood_mixed,239,2.991912364959717,3.0,3.0,5,4
5,ood_mixed,240,4.022863864898682,4.0,13.0,9,8
5,ood_mixed,241,3.183476686477661,3.0,8.0,9,8
5,ood_mixed,242,3.9733402729034424,4.0,5.0,9,2
5,ood_mixed,243,2.998304605484009,3.0,3.0,8,2
5,ood_mixed,244,2.844621181488037,3.0,2.0,5,4
5,ood_mixed,245,4.059479236602783,4.0,4.0,9,8
5,ood_mixed,246,2.9954121112823486,3.0,3.0,5,4
5,ood_mixed,247,2.9992899894714355,3.0,3.0,7,6
5,ood_mixed,248,2.985720634460449,3.0,3.0,7,6
5,ood_mixed,249,2.9970455169677734,3.0,3.0,5,4
5,ood_mixed,250,2.952852725982666,3.0,2.0,5,4
5,ood_mixed,251,4.075771808624268,4.0,3.0,9,8
5,ood_mixed,252,2.9757039546966553,3.0,3.0,7,2
5,ood_mixed,253,2.9902265071868896,3.0,3.0,5,4
5,ood_mixed,254,2.992595911026001,3.0,3.0,7,6
5,ood_mixed,255,3.884596586227417,4.0,14.0,9,8
5,ood_mixed,256,4.079921245574951,4.0,2.0,9,8
5,ood_mixed,257,2.9941959381103516,3.0,3.0,6,2
5,ood_mixed,258,2.996709108352661,3.0,3.0,5,4
5,ood_mixed,259,3.6208157539367676,4.0,4.0,9,2
5,ood_mixed,260,3.665226697921753,4.0,4.0,9,8
5,ood_mixed,261,2.992902994155884,3.0,3.0,5,4
5,ood_mixed,262,2.995037078857422,3.0,3.0,7,2
5,ood_mixed,263,3.972334623336792,4.0,5.0,9,2
5,ood_mixed,264,2.9821887016296387,3.0,3.0,8,2
5,ood_mixed,265,2.9897618293762207,3.0,2.0,7,6
5,ood_mixed,266,3.104902982711792,3.0,16.0,9,8
5,ood_mixed,267,2.9865195751190186,3.0,3.0,7,2
5,ood_mixed,268,4.048402309417725,4.0,8.0,9,8
5,ood_mixed,269,2.9982893466949463,3.0,3.0,5,4
5,ood_mixed,270,2.9919188022613525,3.0,3.0,7,6
5,ood_mixed,271,2.939095973968506,3.0,2.0,5,4
5,ood_mixed,272,3.917903184890747,4.0,2.0,9,8
5,ood_mixed,273,2.972562551498413,3.0,2.0,5,4
5,ood_mixed,274,2.995027542114258,3.0,3.0,5,4
5,ood_mixed,275,3.879753351211548,4.0,2.0,9,8
5,ood_mixed,276,2.9702610969543457,3.0,2.0,5,4
5,ood_mixed,277,2.998964309692383,3.0,3.0,7,6
5,ood_mixed,278,2.995513677597046,3.0,3.0,5,4
5,ood_mixed,279,2.9873530864715576,3.0,3.0,5,4
5,ood_mixed,280,2.981245517730713,3.0,3.0,8,2
5,ood_mixed,281,2.9967477321624756,3.0,3.0,5,4
5,ood_mixed,282,3.999796152114868,4.0,2.0,9,8
5,ood_mixed,283,3.9426674842834473,4.0,12.0,9,2
5,ood_mixed,284,2.983098030090332,3.0,2.0,7,2
5,ood_mixed,285,2.979688882827759,3.0,2.0,5,4
5,ood_mixed,286,2.995215892791748,3.0,3.0,7,2
5,ood_mixed,287,2.9965548515319824,3.0,3.0,7,6
5,ood_mixed,288,2.9934792518615723,3.0,3.0,7,6
5,ood_mixed,289,2.981435775756836,3.0,3.0,8,2
5,ood_mixed,290,2.993196487426758,3.0,3.0,5,4
5,ood_mixed,291,2.9683873653411865,3.0,3.0,7,6
5,ood_mixed,292,3.5415146350860596,4.0,13.0,9,8
5,ood_mixed,293,2.996530294418335,3.0,3.0,7,6
5,ood_mixed,294,3.945497989654541,4.0,2.0,9,8
5,ood_mixed,295,3.8647265434265137,4.0,2.0,9,8
5,ood_mixed,296,2.535982847213745,3.0,2.0,5,4
5,ood_mixed,297,2.994533061981201,3.0,3.0,5,4
5,ood_mixed,298,2.987943172454834,3.0,3.0,5,4
5,ood_mixed,299,2.9071271419525146,3.0,2.0,7,6
5,ood_mixed,300,2.980210065841675,3.0,3.0,6,2
5,ood_mixed,301,4.027377128601074,4.0,2.0,9,8
5,ood_mixed,302,2.9977447986602783,3.0,3.0,7,6
5,ood_mixed,303,3.990694522857666,4.0,5.0,9,8
5,ood_mixed,304,3.989924430847168,4.0,2.0,9,8
5,ood_mixed,305,2.971808671951294,3.0,2.0,5,4
5,ood_mixed,306,2.996661901473999,3.0,3.0,7,6
5,ood_mixed,307,3.9992783069610596,4.0,2.0,9,8
5,ood_mixed,308,4.093773365020752,4.0,2.0,9,8
5,ood_mixed,309,2.9915695190429688,3.0,3.0,5,4
5,ood_mixed,310,4.061761379241943,4.0,8.0,9,2
5,ood_mixed,311,3.8990602493286133,4.0,2.0,9,2
5,ood_mixed,312,2.996849298477173,3.0,3.0,7,6
5,ood_mixed,313,3.1346349716186523,3.0,6.0,9,2
5,ood_mixed,314,3.9916059970855713,4.0,4.0,9,2
5,ood_mixed,315,2.984271764755249,3.0,3.0,5,4
5,ood_mixed,316,2.99446702003479,3.0,3.0,7,6
5,ood_mixed,317,2.945050001144409,3.0,2.0,5,4
5,ood_mixed,318,2.991382360458374,3.0,2.0,7,2
5,ood_mixed,319,2.997469425201416,3.0,3.0,7,2
5,ood_mixed,320,2.9965808391571045,3.0,3.0,5,4
5,ood_mixed,321,2.9873344898223877,3.0,3.0,7,6
5,ood_mixed,322,2.99969744682312,3.0,3.0,7,6
5,ood_mixed,323,3.978607654571533,4.0,5.0,9,8
5,ood_mixed,324,2.9947121143341064,3.0,3.0,8,2
5,ood_mixed,325,2.9858667850494385,3.0,3.0,7,2
5,ood_mixed,326,2.995358467102051,3.0,3.0,7,6
5,ood_mixed,327,2.9978044033050537,3.0,3.0,6,2
5,ood_mixed,328,2.9952187538146973,3.0,3.0,5,2
5,ood_mixed,329,4.068156719207764,4.0,2.0,9,8
5,ood_mixed,330,2.7871932983398438,3.0,2.0,6,2
5,ood_mixed,331,2.989441156387329,3.0,3.0,8,2
5,ood_mixed,332,2.984164237976074,3.0,2.0,8,2
5,ood_mixed,333,2.998460292816162,3.0,3.0,8,2
5,ood_mixed,334,3.7543022632598877,4.0,5.0,9,8
5,ood_mixed,335,3.6549718379974365,4.0,4.0,9,8
5,ood_mixed,336,2.996709108352661,3.0,3.0,7,6
5,ood_mixed,337,3.39199161529541,3.0,14.0,9,8
5,ood_mixed,338,3.846724033355713,4.0,4.0,9,8
5,ood_mixed,339,4.020483493804932,4.0,5.0,9,2
5,ood_mixed,340,2.9951846599578857,3.0,3.0,5,4
5,ood_mixed,341,2.9952993392944336,3.0,3.0,7,6
5,ood_mixed,342,3.96221661567688,4.0,5.0,9,2
5,ood_mixed,343,2.994051218032837,3.0,3.0,8,2
5,ood_mixed,344,3.882918357849121,4.0,11.0,9,8
5,ood_mixed,345,3.000553607940674,3.0,3.0,7,6
5,ood_mixed,346,2.9895548820495605,3.0,2.0,7,6
5,ood_mixed,347,2.976083755493164,3.0,3.0,5,4
5,ood_mixed,348,2.997764825820923,3.0,3.0,8,2
5,ood_mixed,349,2.998976230621338,3.0,3.0,5,4
5,ood_mixed,350,2.9912257194519043,3.0,3.0,5,4
5,ood_mixed,351,2.996824026107788,3.0,3.0,7,6
5,ood_mixed,352,4.050839424133301,4.0,5.0,9,2
5,ood_mixed,353,3.7997968196868896,4.0,16.0,9,8
5,ood_mixed,354,3.8269269466400146,4.0,16.0,9,2
5,ood_mixed,355,2.9949262142181396,3.0,3.0,5,4
5,ood_mixed,356,2.9941885471343994,3.0,3.0,5,4
5,ood_mixed,357,2.998668670654297,3.0,3.0,5,4
5,ood_mixed,358,4.022164821624756,4.0,2.0,9,8
5,ood_mixed,359,4.133965492248535,4.0,6.0,9,2
5,ood_mixed,360,2.98240065574646,3.0,2.0,5,2
5,ood_mixed,361,2.998361349105835,3.0,3.0,8,2
5,ood_mixed,362,2.9658963680267334,3.0,2.0,5,4
5,ood_mixed,363,2.9942243099212646,3.0,3.0,5,4
5,ood_mixed,364,2.9783761501312256,3.0,2.0,7,6
5,ood_mixed,365,3.482823133468628,3.0,5.0,9,8
5,ood_mixed,366,2.995323657989502,3.0,3.0,5,4
5,ood_mixed,367,2.9987852573394775,3.0,3.0,5,4
5,ood_mixed,368,4.096738338470459,4.0,3.0,9,8
5,ood_mixed,369,2.9507360458374023,3.0,2.0,7,6
5,ood_mixed,370,3.992574453353882,4.0,5.0,9,2
5,ood_mixed,371,2.990865468978882,3.0,3.0,7,6
5,ood_mixed,372,3.9124932289123535,4.0,3.0,9,8
5,ood_mixed,373,2.9990296363830566,3.0,3.0,5,4
5,ood_mixed,374,2.919843912124634,3.0,2.0,7,6
5,ood_mixed,375,2.994713306427002,3.0,3.0,7,6
5,ood_mixed,376,4.067291259765625,4.0,2.0,9,8
5,ood_mixed,377,4.006186008453369,4.0,2.0,9,8
5,ood_mixed,378,2.9956154823303223,3.0,3.0,7,6
5,ood_mixed,379,4.030312538146973,4.0,2.0,9,8
5,ood_mixed,380,3.1150827407836914,3.0,2.0,9,8
5,ood_mixed,381,2.994375467300415,3.0,3.0,5,4
5,ood_mixed,382,2.9749670028686523,3.0,2.0,7,6
5,ood_mixed,383,2.9609382152557373,3.0,2.0,6,2
5,ood_mixed,384,2.9971582889556885,3.0,3.0,5,4
5,ood_mixed,385,2.997318983078003,3.0,3.0,5,4
5,ood_mixed,386,3.9772286415100098,4.0,2.0,9,8
5,ood_mixed,387,3.994490146636963,4.0,2.0,9,2
5,ood_mixed,388,2.9969687461853027,3.0,3.0,7,6
5,ood_mixed,389,3.8246781826019287,4.0,5.0,9,2
5,ood_mixed,390,2.9924802780151367,3.0,3.0,5,4
5,ood_mixed,391,2.98527193069458,3.0,3.0,7,6
5,ood_mixed,392,2.9977245330810547,3.0,3.0,7,2
5,ood_mixed,393,2.997974157333374,3.0,3.0,7,6
5,ood_mixed,394,2.998680591583252,3.0,3.0,7,6
5,ood_mixed,395,2.998106002807617,3.0,3.0,7,6
5,ood_mixed,396,2.986557722091675,3.0,3.0,5,4
5,ood_mixed,397,2.994748830795288,3.0,3.0,6,2
5,ood_mixed,398,2.999065399169922,3.0,3.0,7,2
5,ood_mixed,399,3.9865424633026123,4.0,11.0,9,8
5,ood_mixed,400,2.985949754714966,3.0,2.0,5,4
5,ood_mixed,401,2.86849308013916,3.0,2.0,8,2
5,ood_mixed,402,2.99057936668396,3.0,2.0,7,2
5,ood_mixed,403,2.989821672439575,3.0,3.0,6,2
5,ood_mixed,404,4.046472072601318,4.0,5.0,9,8
5,ood_mixed,405,2.9975969791412354,3.0,3.0,7,2
5,ood_mixed,406,4.018453121185303,4.0,7.0,9,8
5,ood_mixed,407,2.9902288913726807,3.0,3.0,5,4
5,ood_mixed,408,3.8258092403411865,4.0,2.0,9,8
5,ood_mixed,409,2.9984869956970215,3.0,3.0,5,4
5,ood_mixed,410,2.995946168899536,3.0,3.0,7,2
5,ood_mixed,411,2.9844207763671875,3.0,2.0,5,4
5,ood_mixed,412,2.9946136474609375,3.0,3.0,7,6
5,ood_mixed,413,2.998208522796631,3.0,3.0,7,2
5,ood_mixed,414,4.040566444396973,4.0,2.0,9,2
5,ood_mixed,415,2.988868474960327,3.0,3.0,7,6
5,ood_mixed,416,3.851531505584717,4.0,2.0,9,8
5,ood_mixed,417,3.9912612438201904,4.0,2.0,9,8
5,ood_mixed,418,2.995227336883545,3.0,3.0,7,6
5,ood_mixed,419,2.9983198642730713,3.0,3.0,5,4
5,ood_mixed,420,3.8580715656280518,4.0,2.0,9,8
5,ood_mixed,421,3.8547871112823486,4.0,5.0,9,2
5,ood_mixed,422,2.997004985809326,3.0,3.0,5,4
5,ood_mixed,423,2.9928090572357178,3.0,3.0,7,6
5,ood_mixed,424,2.997600793838501,3.0,3.0,6,2
5,ood_mixed,425,2.9907052516937256,3.0,2.0,8,2
5,ood_mixed,426,2.9988200664520264,3.0,3.0,5,4
5,ood_mixed,427,2.9975149631500244,3.0,3.0,6,2
5,ood_mixed,428,2.9905898571014404,3.0,2.0,7,6
5,ood_mixed,429,3.0653860569000244,3.0,4.0,9,8
5,ood_mixed,430,2.9911792278289795,3.0,3.0,7,6
5,ood_mixed,431,3.9848718643188477,4.0,2.0,9,8
5,ood_mixed,432,2.8835341930389404,3.0,2.0,7,6
5,ood_mixed,433,2.9978902339935303,3.0,3.0,6,2
5,ood_mixed,434,3.9843897819519043,4.0,4.0,9,8
5,ood_mixed,435,4.027362823486328,4.0,2.0,9,8
5,ood_mixed,436,3.9578444957733154,4.0,5.0,9,8
5,ood_mixed,437,4.044375896453857,4.0,2.0,9,8
5,ood_mixed,438,2.9940237998962402,3.0,3.0,5,4
5,ood_mixed,439,2.998473644256592,3.0,3.0,5,4
5,ood_mixed,440,4.039985656738281,4.0,2.0,9,2
5,ood_mixed,441,2.993135452270508,3.0,3.0,7,2
5,ood_mixed,442,2.9934115409851074,3.0,3.0,7,6
5,ood_mixed,443,4.126097202301025,4.0,6.0,9,2
5,ood_mixed,444,2.986600160598755,3.0,3.0,7,6
5,ood_mixed,445,2.9569950103759766,3.0,3.0,5,4
5,ood_mixed,446,2.5017249584198,3.0,2.0,7,6
5,ood_mixed,447,3.6242640018463135,4.0,5.0,9,2
5,ood_mixed,448,3.7905001640319824,4.0,3.0,9,8
5,ood_mixed,449,4.0018110275268555,4.0,6.0,9,8
5,ood_mixed,450,2.991364002227783,3.0,3.0,7,2
5,ood_mixed,451,3.792248487472534,4.0,3.0,9,8
5,ood_mixed,452,3.9804954528808594,4.0,5.0,9,8
5,ood_mixed,453,4.113119125366211,4.0,4.0,9,2
5,ood_mixed,454,2.9717648029327393,3.0,2.0,5,4
5,ood_mixed,455,2.9921510219573975,3.0,3.0,7,2
5,ood_mixed,456,3.000667095184326,3.0,3.0,5,4
5,ood_mixed,457,2.990835666656494,3.0,3.0,5,4
5,ood_mixed,458,2.9919962882995605,3.0,3.0,7,6
5,ood_mixed,459,2.9923744201660156,3.0,3.0,7,6
5,ood_mixed,460,2.9819183349609375,3.0,2.0,8,2
5,ood_mixed,461,2.9976327419281006,3.0,3.0,7,6
5,ood_mixed,462,2.9925332069396973,3.0,3.0,5,4
5,ood_mixed,463,2.9899420738220215,3.0,3.0,5,2
5,ood_mixed,464,3.8659820556640625,4.0,15.0,9,2
5,ood_mixed,465,3.6558837890625,4.0,2.0,9,8
5,ood_mixed,466,4.07177734375,4.0,2.0,9,2
5,ood_mixed,467,2.985419273376465,3.0,2.0,6,2
5,ood_mixed,468,3.7355523109436035,4.0,12.0,9,2
5,ood_mixed,469,2.9564850330352783,3.0,2.0,5,4
5,ood_mixed,470,2.9927287101745605,3.0,3.0,7,6
5,ood_mixed,471,3.7223479747772217,4.0,1.0,9,2
5,ood_mixed,472,2.9953649044036865,3.0,3.0,5,4
5,ood_mixed,473,2.999943733215332,3.0,3.0,8,2
5,ood_mixed,474,3.97678804397583,4.0,5.0,9,2
5,ood_mixed,475,4.0137858390808105,4.0,5.0,9,8
5,ood_mixed,476,2.9918580055236816,3.0,3.0,7,6
5,ood_mixed,477,3.990913152694702,4.0,4.0,9,8
5,ood_mixed,478,2.9971766471862793,3.0,3.0,5,4
5,ood_mixed,479,2.9937214851379395,3.0,3.0,8,2
5,ood_mixed,480,4.117593765258789,4.0,12.0,9,8
5,ood_mixed,481,4.039503574371338,4.0,2.0,9,8
5,ood_mixed,482,3.9962596893310547,4.0,5.0,9,2
5,ood_mixed,483,2.9951205253601074,3.0,3.0,8,2
5,ood_mixed,484,3.99066424369812,4.0,11.0,9,8
5,ood_mixed,485,2.997666835784912,3.0,3.0,7,6
5,ood_mixed,486,2.9903299808502197,3.0,2.0,7,6
5,ood_mixed,487,3.977400302886963,4.0,2.0,9,8
5,ood_mixed,488,2.980375289916992,3.0,3.0,5,4
5,ood_mixed,489,2.929908275604248,3.0,2.0,7,6
5,ood_mixed,490,4.062386512756348,4.0,2.0,9,8
5,ood_mixed,491,2.9937543869018555,3.0,3.0,8,2
5,ood_mixed,492,2.965777635574341,3.0,2.0,8,2
5,ood_mixed,493,3.9040403366088867,4.0,7.0,9,8
5,ood_mixed,494,2.991194725036621,3.0,3.0,6,2
5,ood_mixed,495,2.9961440563201904,3.0,3.0,6,2
5,ood_mixed,496,2.998957872390747,3.0,3.0,5,4
5,ood_mixed,497,2.9982666969299316,3.0,3.0,7,6
5,ood_mixed,498,4.010490894317627,4.0,2.0,9,2
5,ood_mixed,499,2.981313943862915,3.0,3.0,7,6
5,ood_mixed,500,2.9011547565460205,3.0,2.0,7,2
5,ood_mixed,501,3.5228371620178223,4.0,2.0,9,8
5,ood_mixed,502,2.9888112545013428,3.0,3.0,8,2
5,ood_mixed,503,4.0639967918396,4.0,2.0,9,8
5,ood_mixed,504,3.8736672401428223,4.0,5.0,9,8
5,ood_mixed,505,3.947659969329834,4.0,4.0,9,8
5,ood_mixed,506,2.95875883102417,3.0,2.0,7,6
5,ood_mixed,507,2.996706485748291,3.0,3.0,8,2
5,ood_mixed,508,2.9860520362854004,3.0,3.0,7,6
5,ood_mixed,509,2.997833013534546,3.0,3.0,7,6
5,ood_mixed,510,4.0131635665893555,4.0,5.0,9,2
5,ood_mixed,511,2.997969388961792,3.0,3.0,7,6
